Date_SingleModel,Home_SingleModel,Away_SingleModel,ActualWinner_SingleModel,PredictedWinner_SingleModel,ActualSpread_SingleModel,PredictedSpread_SingleModel,SpreadError_SingleModel,Correct_SingleModel,HomePoints_SingleModel,AwayPoints_SingleModel,PredictedHomePoints_SingleModel,PredictedAwayPoints_SingleModel,Date_monthBatchRetrain,Home_monthBatchRetrain,Away_monthBatchRetrain,ActualWinner_monthBatchRetrain,PredictedWinner_monthBatchRetrain,ActualSpread_monthBatchRetrain,PredictedSpread_monthBatchRetrain,SpreadError_monthBatchRetrain,Correct_monthBatchRetrain,HomePoints_monthBatchRetrain,AwayPoints_monthBatchRetrain,PredictedHomePoints_monthBatchRetrain,PredictedAwayPoints_monthBatchRetrain
2024-10-25,Orlando Magic,Brooklyn Nets,Orlando Magic,Orlando Magic,15.0,10.1,4.9,True,116.0,101.0,114.6,104.5,2024-11-01,Portland Trail Blazers,Oklahoma City Thunder,Oklahoma City Thunder,Oklahoma City Thunder,23.0,10.2,12.8,True,114.0,137.0,109.9,120.1
2024-10-25,Toronto Raptors,Philadelphia 76ers,Toronto Raptors,Toronto Raptors,8.0,4.9,3.0999999999999996,True,115.0,107.0,113.6,108.7,2024-11-01,Minnesota Timberwolves,Denver Nuggets,Minnesota Timberwolves,Minnesota Timberwolves,3.0,0.3,2.7,True,119.0,116.0,131.1,130.7
2024-10-25,Atlanta Hawks,Charlotte Hornets,Atlanta Hawks,Atlanta Hawks,5.0,2.3,2.7,True,125.0,120.0,122.8,120.5,2024-11-01,New Orleans Pelicans,Indiana Pacers,New Orleans Pelicans,New Orleans Pelicans,7.0,6.2,0.7999999999999998,True,125.0,118.0,124.9,118.7
2024-10-25,Cleveland Cavaliers,Detroit Pistons,Cleveland Cavaliers,Cleveland Cavaliers,12.0,7.1,4.9,True,113.0,101.0,110.3,103.2,2024-11-01,Toronto Raptors,Los Angeles Lakers,Los Angeles Lakers,Los Angeles Lakers,6.0,0.9,5.1,True,125.0,131.0,120.7,121.6
2024-10-25,New York Knicks,Indiana Pacers,New York Knicks,New York Knicks,25.0,28.0,3.0,True,123.0,98.0,122.6,94.6,2024-11-01,Detroit Pistons,New York Knicks,New York Knicks,New York Knicks,30.0,9.1,20.9,True,98.0,128.0,105.6,114.7
2024-10-25,Houston Rockets,Memphis Grizzlies,Houston Rockets,Houston Rockets,20.0,18.4,1.6000000000000014,True,128.0,108.0,126.1,107.7,2024-11-01,Atlanta Hawks,Sacramento Kings,Sacramento Kings,Sacramento Kings,8.0,1.8,6.2,True,115.0,123.0,118.8,120.6
2024-10-25,Milwaukee Bucks,Chicago Bulls,Chicago Bulls,Chicago Bulls,11.0,12.7,1.6999999999999993,True,122.0,133.0,117.8,130.5,2024-11-01,Cleveland Cavaliers,Orlando Magic,Cleveland Cavaliers,Cleveland Cavaliers,11.0,11.5,0.5,True,120.0,109.0,120.4,108.9
2024-10-25,Utah Jazz,Golden State Warriors,Golden State Warriors,Golden State Warriors,41.0,45.9,4.899999999999999,True,86.0,127.0,80.8,126.8,2024-11-01,Charlotte Hornets,Boston Celtics,Boston Celtics,Boston Celtics,15.0,6.9,8.1,True,109.0,124.0,125.0,131.9
2024-10-25,Los Angeles Lakers,Phoenix Suns,Los Angeles Lakers,Los Angeles Lakers,7.0,7.1,0.09999999999999964,True,123.0,116.0,120.7,113.7,2024-11-01,Brooklyn Nets,Chicago Bulls,Brooklyn Nets,Chicago Bulls,8.0,4.5,3.5,False,120.0,112.0,118.2,122.7
2024-10-25,Portland Trail Blazers,New Orleans Pelicans,New Orleans Pelicans,New Orleans Pelicans,2.0,1.8,0.19999999999999996,True,103.0,105.0,106.3,108.1,2024-11-02,Washington Wizards,Miami Heat,Miami Heat,Miami Heat,20.0,6.8,13.2,True,98.0,118.0,111.1,117.8
2024-10-26,Los Angeles Lakers,Sacramento Kings,Los Angeles Lakers,Los Angeles Lakers,4.0,5.8,1.7999999999999998,True,131.0,127.0,129.6,123.8,2024-11-02,Los Angeles Clippers,Oklahoma City Thunder,Oklahoma City Thunder,Oklahoma City Thunder,13.0,10.3,2.6999999999999993,True,92.0,105.0,104.4,114.6
2024-10-26,Phoenix Suns,Dallas Mavericks,Phoenix Suns,Phoenix Suns,12.0,10.9,1.0999999999999996,True,114.0,102.0,114.5,103.6,2024-11-02,Phoenix Suns,Portland Trail Blazers,Phoenix Suns,Phoenix Suns,6.0,7.2,1.2000000000000002,True,103.0,97.0,110.1,102.9
2024-10-26,San Antonio Spurs,Houston Rockets,San Antonio Spurs,San Antonio Spurs,3.0,4.9,1.9000000000000004,True,109.0,106.0,110.3,105.4,2024-11-02,Denver Nuggets,Utah Jazz,Denver Nuggets,Denver Nuggets,26.0,12.1,13.9,True,129.0,103.0,117.2,105.1
2024-10-26,Chicago Bulls,Oklahoma City Thunder,Oklahoma City Thunder,Oklahoma City Thunder,19.0,22.3,3.3000000000000007,True,95.0,114.0,93.4,115.7,2024-11-02,San Antonio Spurs,Minnesota Timberwolves,San Antonio Spurs,San Antonio Spurs,10.0,4.2,5.8,True,113.0,103.0,108.4,104.2
2024-10-26,Minnesota Timberwolves,Toronto Raptors,Minnesota Timberwolves,Minnesota Timberwolves,11.0,8.8,2.1999999999999993,True,112.0,101.0,110.5,101.6,2024-11-02,Charlotte Hornets,Boston Celtics,Boston Celtics,Boston Celtics,10.0,7.7,2.3,True,103.0,113.0,119.8,127.5
2024-10-26,Denver Nuggets,Los Angeles Clippers,Los Angeles Clippers,Los Angeles Clippers,5.0,4.6,0.40000000000000036,True,104.0,109.0,104.7,109.2,2024-11-02,Houston Rockets,Golden State Warriors,Golden State Warriors,Golden State Warriors,6.0,12.2,6.199999999999999,True,121.0,127.0,116.3,128.5
2024-10-26,Charlotte Hornets,Miami Heat,Miami Heat,Miami Heat,8.0,9.1,1.0999999999999996,True,106.0,114.0,103.8,113.0,2024-11-02,Toronto Raptors,Sacramento Kings,Toronto Raptors,Sacramento Kings,3.0,1.7,1.3,False,131.0,128.0,116.6,118.3
2024-10-26,Detroit Pistons,Boston Celtics,Boston Celtics,Boston Celtics,6.0,1.4,4.6,True,118.0,124.0,120.8,122.3,2024-11-02,Philadelphia 76ers,Memphis Grizzlies,Memphis Grizzlies,Memphis Grizzlies,17.0,1.3,15.7,True,107.0,124.0,109.3,110.6
2024-10-26,Washington Wizards,Cleveland Cavaliers,Cleveland Cavaliers,Cleveland Cavaliers,19.0,17.9,1.1000000000000014,True,116.0,135.0,115.5,133.4,2024-11-02,Milwaukee Bucks,Cleveland Cavaliers,Cleveland Cavaliers,Cleveland Cavaliers,1.0,1.7,0.7,True,113.0,114.0,122.8,124.5
2024-10-26,Memphis Grizzlies,Orlando Magic,Memphis Grizzlies,Memphis Grizzlies,13.0,12.2,0.8000000000000007,True,124.0,111.0,123.8,111.6,2024-11-03,Brooklyn Nets,Detroit Pistons,Detroit Pistons,Brooklyn Nets,14.0,1.5,12.5,False,92.0,106.0,112.0,110.5
2024-10-27,Golden State Warriors,Los Angeles Clippers,Los Angeles Clippers,Los Angeles Clippers,8.0,10.6,2.5999999999999996,True,104.0,112.0,103.7,114.3,2024-11-03,New Orleans Pelicans,Atlanta Hawks,Atlanta Hawks,Atlanta Hawks,15.0,1.7,13.3,True,111.0,126.0,123.0,124.6
2024-10-27,Oklahoma City Thunder,Atlanta Hawks,Oklahoma City Thunder,Oklahoma City Thunder,24.0,24.0,0.0,True,128.0,104.0,125.9,101.9,2024-11-03,Dallas Mavericks,Orlando Magic,Dallas Mavericks,Dallas Mavericks,23.0,5.9,17.1,True,108.0,85.0,108.3,102.4
2024-10-27,Brooklyn Nets,Milwaukee Bucks,Brooklyn Nets,Brooklyn Nets,13.0,8.2,4.800000000000001,True,115.0,102.0,112.4,104.1,2024-11-04,Minnesota Timberwolves,Charlotte Hornets,Minnesota Timberwolves,Minnesota Timberwolves,21.0,5.3,15.7,True,114.0,93.0,121.5,116.2
2024-10-27,Portland Trail Blazers,New Orleans Pelicans,Portland Trail Blazers,Portland Trail Blazers,22.0,15.7,6.300000000000001,True,125.0,103.0,121.7,105.9,2024-11-04,Los Angeles Clippers,San Antonio Spurs,Los Angeles Clippers,San Antonio Spurs,9.0,2.0,7.0,False,113.0,104.0,107.1,109.1
2024-10-27,Indiana Pacers,Philadelphia 76ers,Philadelphia 76ers,Philadelphia 76ers,4.0,4.8,0.7999999999999998,True,114.0,118.0,112.1,116.9,2024-11-04,Denver Nuggets,Toronto Raptors,Denver Nuggets,Denver Nuggets,2.0,2.1,0.10000000000000009,True,121.0,119.0,119.7,117.5
2024-10-28,Phoenix Suns,Los Angeles Lakers,Phoenix Suns,Phoenix Suns,4.0,6.1,2.0999999999999996,True,109.0,105.0,108.4,102.3,2024-11-04,Dallas Mavericks,Indiana Pacers,Indiana Pacers,Dallas Mavericks,7.0,4.5,2.5,False,127.0,134.0,113.9,109.4
2024-10-28,Sacramento Kings,Portland Trail Blazers,Sacramento Kings,Sacramento Kings,13.0,11.0,2.0,True,111.0,98.0,111.3,100.3,2024-11-04,New Orleans Pelicans,Portland Trail Blazers,Portland Trail Blazers,Portland Trail Blazers,18.0,3.2,14.8,True,100.0,118.0,109.2,112.4
2024-10-28,Memphis Grizzlies,Chicago Bulls,Chicago Bulls,Chicago Bulls,3.0,1.4,1.6,True,123.0,126.0,120.8,122.2,2024-11-04,Oklahoma City Thunder,Orlando Magic,Oklahoma City Thunder,Oklahoma City Thunder,16.0,7.5,8.5,True,102.0,86.0,108.3,100.8
2024-10-28,San Antonio Spurs,Houston Rockets,Houston Rockets,San Antonio Spurs,5.0,0.0,5.0,False,101.0,106.0,104.1,104.1,2024-11-04,Houston Rockets,New York Knicks,Houston Rockets,New York Knicks,12.0,6.4,5.6,False,109.0,97.0,111.2,117.6
2024-10-28,New York Knicks,Cleveland Cavaliers,Cleveland Cavaliers,Cleveland Cavaliers,6.0,4.1,1.9000000000000004,True,104.0,110.0,108.3,112.4,2024-11-04,Phoenix Suns,Philadelphia 76ers,Phoenix Suns,Phoenix Suns,2.0,4.8,2.8,True,118.0,116.0,113.9,109.1
2024-10-28,Dallas Mavericks,Utah Jazz,Dallas Mavericks,Dallas Mavericks,8.0,9.9,1.9000000000000004,True,110.0,102.0,110.7,100.8,2024-11-04,Miami Heat,Sacramento Kings,Sacramento Kings,Sacramento Kings,1.0,2.5,1.5,True,110.0,111.0,111.8,114.3
2024-10-28,Toronto Raptors,Denver Nuggets,Denver Nuggets,Denver Nuggets,2.0,0.9,1.1,True,125.0,127.0,124.5,125.3,2024-11-04,Brooklyn Nets,Memphis Grizzlies,Brooklyn Nets,Brooklyn Nets,2.0,6.6,4.6,True,106.0,104.0,117.3,110.8
2024-10-28,Boston Celtics,Milwaukee Bucks,Boston Celtics,Boston Celtics,11.0,9.0,2.0,True,119.0,108.0,117.7,108.6,2024-11-04,Atlanta Hawks,Boston Celtics,Boston Celtics,Boston Celtics,30.0,6.5,23.5,True,93.0,123.0,114.2,120.7
2024-10-28,Atlanta Hawks,Washington Wizards,Washington Wizards,Washington Wizards,2.0,0.5,1.5,True,119.0,121.0,116.0,116.6,2024-11-04,Detroit Pistons,Los Angeles Lakers,Detroit Pistons,Detroit Pistons,12.0,2.6,9.4,True,115.0,103.0,118.5,115.8
2024-10-28,Orlando Magic,Indiana Pacers,Orlando Magic,Orlando Magic,4.0,6.4,2.4000000000000004,True,119.0,115.0,120.5,114.2,2024-11-04,Washington Wizards,Golden State Warriors,Golden State Warriors,Golden State Warriors,13.0,9.6,3.4000000000000004,True,112.0,125.0,112.5,122.1
2024-10-28,Miami Heat,Detroit Pistons,Miami Heat,Miami Heat,8.0,10.6,2.5999999999999996,True,106.0,98.0,106.8,96.2,2024-11-04,Chicago Bulls,Utah Jazz,Utah Jazz,Chicago Bulls,9.0,4.4,4.6,False,126.0,135.0,112.9,108.5
2024-10-29,Brooklyn Nets,Denver Nuggets,Denver Nuggets,Denver Nuggets,5.0,3.1,1.9,True,139.0,144.0,135.2,138.4,2024-11-04,Cleveland Cavaliers,Milwaukee Bucks,Cleveland Cavaliers,Cleveland Cavaliers,2.0,18.1,16.1,True,116.0,114.0,126.4,108.3
2024-10-29,Minnesota Timberwolves,Dallas Mavericks,Dallas Mavericks,Dallas Mavericks,6.0,2.8,3.2,True,114.0,120.0,116.4,119.2,2024-11-06,Los Angeles Clippers,Philadelphia 76ers,Los Angeles Clippers,Philadelphia 76ers,12.0,2.0,10.0,False,110.0,98.0,110.9,112.9
2024-10-29,Utah Jazz,Sacramento Kings,Sacramento Kings,Sacramento Kings,17.0,16.5,0.5,True,96.0,113.0,98.3,114.9,2024-11-06,Phoenix Suns,Miami Heat,Phoenix Suns,Phoenix Suns,3.0,2.1,0.8999999999999999,True,115.0,112.0,113.7,111.6
2024-10-29,Golden State Warriors,New Orleans Pelicans,Golden State Warriors,Golden State Warriors,18.0,16.2,1.8000000000000007,True,124.0,106.0,121.3,105.1,2024-11-06,Denver Nuggets,Oklahoma City Thunder,Denver Nuggets,Oklahoma City Thunder,2.0,3.7,1.7000000000000002,False,124.0,122.0,110.8,114.6
2024-10-30,Memphis Grizzlies,Brooklyn Nets,Brooklyn Nets,Brooklyn Nets,13.0,12.3,0.6999999999999993,True,106.0,119.0,105.7,118.0,2024-11-06,Dallas Mavericks,Chicago Bulls,Dallas Mavericks,Dallas Mavericks,20.0,3.0,17.0,True,119.0,99.0,114.8,111.8
2024-10-30,Los Angeles Clippers,Portland Trail Blazers,Portland Trail Blazers,Los Angeles Clippers,1.0,1.6,0.6000000000000001,False,105.0,106.0,102.2,100.6,2024-11-06,New Orleans Pelicans,Cleveland Cavaliers,Cleveland Cavaliers,Cleveland Cavaliers,9.0,8.8,0.1999999999999993,True,122.0,131.0,112.7,121.5
2024-10-30,Golden State Warriors,New Orleans Pelicans,Golden State Warriors,Golden State Warriors,15.0,13.3,1.6999999999999993,True,104.0,89.0,105.5,92.2,2024-11-06,Atlanta Hawks,New York Knicks,Atlanta Hawks,New York Knicks,5.0,6.2,1.2000000000000002,False,121.0,116.0,107.4,113.6
2024-10-30,Oklahoma City Thunder,San Antonio Spurs,Oklahoma City Thunder,Oklahoma City Thunder,12.0,10.7,1.3000000000000007,True,105.0,93.0,105.0,94.3,2024-11-06,Houston Rockets,San Antonio Spurs,Houston Rockets,Houston Rockets,27.0,7.8,19.2,True,127.0,100.0,113.3,105.5
2024-10-30,Chicago Bulls,Orlando Magic,Chicago Bulls,Chicago Bulls,3.0,0.5,2.5,True,102.0,99.0,105.1,104.5,2024-11-06,Boston Celtics,Golden State Warriors,Golden State Warriors,Golden State Warriors,6.0,5.6,0.40000000000000036,True,112.0,118.0,119.1,124.7
2024-10-30,Washington Wizards,Atlanta Hawks,Washington Wizards,Washington Wizards,13.0,6.1,6.9,True,133.0,120.0,130.0,124.0,2024-11-06,Sacramento Kings,Toronto Raptors,Sacramento Kings,Sacramento Kings,15.0,3.5,11.5,True,122.0,107.0,114.8,111.3
2024-10-30,Charlotte Hornets,Toronto Raptors,Charlotte Hornets,Charlotte Hornets,5.0,2.1,2.9,True,138.0,133.0,133.1,131.1,2024-11-06,Indiana Pacers,Orlando Magic,Indiana Pacers,Indiana Pacers,7.0,8.5,1.5,True,118.0,111.0,115.8,107.3
2024-10-30,Cleveland Cavaliers,Los Angeles Lakers,Cleveland Cavaliers,Cleveland Cavaliers,24.0,20.5,3.5,True,134.0,110.0,129.2,108.7,2024-11-06,Charlotte Hornets,Detroit Pistons,Charlotte Hornets,Detroit Pistons,1.0,2.4,1.4,False,108.0,107.0,111.1,113.5
2024-10-30,Indiana Pacers,Boston Celtics,Indiana Pacers,Boston Celtics,3.0,1.2,1.8,False,135.0,132.0,128.3,129.6,2024-11-06,Memphis Grizzlies,Los Angeles Lakers,Memphis Grizzlies,Memphis Grizzlies,17.0,10.2,6.800000000000001,True,131.0,114.0,118.6,108.4
2024-10-30,Miami Heat,New York Knicks,New York Knicks,New York Knicks,9.0,12.2,3.1999999999999993,True,107.0,116.0,105.2,117.4,2024-11-07,Milwaukee Bucks,Utah Jazz,Milwaukee Bucks,Milwaukee Bucks,23.0,5.3,17.7,True,123.0,100.0,125.9,120.7
2024-10-30,Philadelphia 76ers,Detroit Pistons,Detroit Pistons,Detroit Pistons,10.0,10.4,0.40000000000000036,True,95.0,105.0,96.4,106.8,2024-11-07,San Antonio Spurs,Portland Trail Blazers,San Antonio Spurs,San Antonio Spurs,13.0,8.1,4.9,True,118.0,105.0,114.1,105.9
2024-10-31,Memphis Grizzlies,Milwaukee Bucks,Memphis Grizzlies,Memphis Grizzlies,23.0,14.3,8.7,True,122.0,99.0,118.2,103.9,2024-11-07,Chicago Bulls,Minnesota Timberwolves,Minnesota Timberwolves,Minnesota Timberwolves,16.0,7.1,8.9,True,119.0,135.0,109.8,116.9
2024-10-31,Dallas Mavericks,Houston Rockets,Houston Rockets,Houston Rockets,6.0,3.0,3.0,True,102.0,108.0,103.6,106.7,2024-11-08,Minnesota Timberwolves,Portland Trail Blazers,Minnesota Timberwolves,Minnesota Timberwolves,25.0,10.1,14.9,True,127.0,102.0,114.4,104.3
2024-10-31,Utah Jazz,San Antonio Spurs,San Antonio Spurs,San Antonio Spurs,18.0,15.4,2.5999999999999996,True,88.0,106.0,93.6,109.1,2024-11-08,Sacramento Kings,Los Angeles Clippers,Los Angeles Clippers,Los Angeles Clippers,9.0,5.5,3.5,True,98.0,107.0,101.5,106.9
2024-10-31,Los Angeles Clippers,Phoenix Suns,Phoenix Suns,Phoenix Suns,6.0,7.3,1.2999999999999998,True,119.0,125.0,117.8,125.1,2024-11-08,Los Angeles Lakers,Philadelphia 76ers,Los Angeles Lakers,Los Angeles Lakers,10.0,4.9,5.1,True,116.0,106.0,118.4,113.5
2024-11-01,Portland Trail Blazers,Oklahoma City Thunder,Oklahoma City Thunder,Oklahoma City Thunder,23.0,15.9,7.1,True,114.0,137.0,116.3,132.2,2024-11-08,Denver Nuggets,Miami Heat,Denver Nuggets,Denver Nuggets,13.0,0.2,12.8,True,135.0,122.0,118.0,117.8
2024-11-01,Minnesota Timberwolves,Denver Nuggets,Minnesota Timberwolves,Minnesota Timberwolves,3.0,2.0,1.0,True,119.0,116.0,119.0,117.0,2024-11-08,Memphis Grizzlies,Washington Wizards,Memphis Grizzlies,Memphis Grizzlies,24.0,10.5,13.5,True,128.0,104.0,115.8,105.3
2024-11-01,New Orleans Pelicans,Indiana Pacers,New Orleans Pelicans,New Orleans Pelicans,7.0,11.2,4.199999999999999,True,125.0,118.0,126.5,115.3,2024-11-08,New York Knicks,Milwaukee Bucks,New York Knicks,New York Knicks,22.0,12.0,10.0,True,116.0,94.0,115.4,103.3
2024-11-01,Toronto Raptors,Los Angeles Lakers,Los Angeles Lakers,Los Angeles Lakers,6.0,2.7,3.3,True,125.0,131.0,123.5,126.1,2024-11-08,Oklahoma City Thunder,Houston Rockets,Oklahoma City Thunder,Oklahoma City Thunder,19.0,6.3,12.7,True,126.0,107.0,108.3,102.0
2024-11-01,Detroit Pistons,New York Knicks,New York Knicks,New York Knicks,30.0,20.0,10.0,True,98.0,128.0,104.2,124.1,2024-11-08,Cleveland Cavaliers,Golden State Warriors,Cleveland Cavaliers,Cleveland Cavaliers,19.0,4.7,14.3,True,136.0,117.0,122.6,117.9
2024-11-01,Atlanta Hawks,Sacramento Kings,Sacramento Kings,Sacramento Kings,8.0,13.2,5.199999999999999,True,115.0,123.0,112.7,125.9,2024-11-08,Boston Celtics,Brooklyn Nets,Boston Celtics,Brooklyn Nets,4.0,2.2,1.7999999999999998,False,108.0,104.0,105.8,108.0
2024-11-01,Cleveland Cavaliers,Orlando Magic,Cleveland Cavaliers,Cleveland Cavaliers,11.0,10.5,0.5,True,120.0,109.0,118.8,108.3,2024-11-08,Orlando Magic,New Orleans Pelicans,Orlando Magic,Orlando Magic,27.0,12.7,14.3,True,115.0,88.0,116.5,103.8
2024-11-01,Charlotte Hornets,Boston Celtics,Boston Celtics,Boston Celtics,15.0,13.8,1.1999999999999993,True,109.0,124.0,106.7,120.5,2024-11-08,Detroit Pistons,Atlanta Hawks,Detroit Pistons,Atlanta Hawks,1.0,2.1,1.1,False,122.0,121.0,116.9,119.0
2024-11-01,Brooklyn Nets,Chicago Bulls,Brooklyn Nets,Brooklyn Nets,8.0,7.9,0.09999999999999964,True,120.0,112.0,118.8,111.0,2024-11-08,Charlotte Hornets,Indiana Pacers,Charlotte Hornets,Charlotte Hornets,20.0,5.3,14.7,True,103.0,83.0,117.2,111.9
2024-11-02,Washington Wizards,Miami Heat,Miami Heat,Miami Heat,20.0,15.6,4.4,True,98.0,118.0,99.2,114.8,2024-11-08,Dallas Mavericks,Phoenix Suns,Phoenix Suns,Phoenix Suns,1.0,5.2,4.2,True,113.0,114.0,108.7,113.9
2024-11-02,Los Angeles Clippers,Oklahoma City Thunder,Oklahoma City Thunder,Oklahoma City Thunder,13.0,11.9,1.0999999999999996,True,92.0,105.0,95.4,107.3,2024-11-09,Los Angeles Clippers,Toronto Raptors,Los Angeles Clippers,Los Angeles Clippers,2.0,2.7,0.7000000000000002,True,105.0,103.0,113.7,111.1
2024-11-02,Phoenix Suns,Portland Trail Blazers,Phoenix Suns,Phoenix Suns,6.0,4.2,1.7999999999999998,True,103.0,97.0,104.3,100.1,2024-11-09,San Antonio Spurs,Utah Jazz,Utah Jazz,San Antonio Spurs,1.0,9.2,8.2,False,110.0,111.0,117.2,108.0
2024-11-02,Denver Nuggets,Utah Jazz,Denver Nuggets,Denver Nuggets,26.0,18.9,7.100000000000001,True,129.0,103.0,123.9,105.1,2024-11-09,Atlanta Hawks,Chicago Bulls,Chicago Bulls,Chicago Bulls,12.0,3.2,8.8,True,113.0,125.0,112.0,115.3
2024-11-02,San Antonio Spurs,Minnesota Timberwolves,San Antonio Spurs,San Antonio Spurs,10.0,7.2,2.8,True,113.0,103.0,112.0,104.8,2024-11-09,Cleveland Cavaliers,Brooklyn Nets,Cleveland Cavaliers,Cleveland Cavaliers,5.0,3.7,1.2999999999999998,True,105.0,100.0,112.9,109.3
2024-11-02,Charlotte Hornets,Boston Celtics,Boston Celtics,Boston Celtics,10.0,11.3,1.3000000000000007,True,103.0,113.0,104.1,115.4,2024-11-10,Denver Nuggets,Dallas Mavericks,Denver Nuggets,Denver Nuggets,2.0,0.8,1.2,True,122.0,120.0,120.5,119.7
2024-11-02,Houston Rockets,Golden State Warriors,Golden State Warriors,Golden State Warriors,6.0,4.0,2.0,True,121.0,127.0,125.0,128.9,2024-11-10,Philadelphia 76ers,Charlotte Hornets,Philadelphia 76ers,Charlotte Hornets,2.0,2.6,0.6000000000000001,False,107.0,105.0,104.5,107.0
2024-11-02,Toronto Raptors,Sacramento Kings,Toronto Raptors,Sacramento Kings,3.0,7.0,4.0,False,131.0,128.0,125.9,132.8,2024-11-10,Los Angeles Lakers,Toronto Raptors,Los Angeles Lakers,Los Angeles Lakers,20.0,6.7,13.3,True,123.0,103.0,122.5,115.8
2024-11-02,Philadelphia 76ers,Memphis Grizzlies,Memphis Grizzlies,Memphis Grizzlies,17.0,15.3,1.6999999999999993,True,107.0,124.0,106.0,121.4,2024-11-10,Phoenix Suns,Sacramento Kings,Sacramento Kings,Sacramento Kings,9.0,3.2,5.8,True,118.0,127.0,110.1,113.3
2024-11-02,Milwaukee Bucks,Cleveland Cavaliers,Cleveland Cavaliers,Cleveland Cavaliers,1.0,4.5,3.5,True,113.0,114.0,113.7,118.2,2024-11-10,Oklahoma City Thunder,Golden State Warriors,Golden State Warriors,Oklahoma City Thunder,11.0,0.2,10.8,False,116.0,127.0,108.8,108.6
2024-11-03,Brooklyn Nets,Detroit Pistons,Detroit Pistons,Detroit Pistons,14.0,10.8,3.1999999999999993,True,92.0,106.0,98.5,109.3,2024-11-10,Portland Trail Blazers,Memphis Grizzlies,Memphis Grizzlies,Memphis Grizzlies,45.0,6.7,38.3,True,89.0,134.0,106.1,112.9
2024-11-03,New Orleans Pelicans,Atlanta Hawks,Atlanta Hawks,Atlanta Hawks,15.0,10.0,5.0,True,111.0,126.0,115.9,125.9,2024-11-10,Orlando Magic,Washington Wizards,Orlando Magic,Orlando Magic,27.0,13.5,13.5,True,121.0,94.0,117.6,104.1
2024-11-03,Dallas Mavericks,Orlando Magic,Dallas Mavericks,Dallas Mavericks,23.0,16.2,6.800000000000001,True,108.0,85.0,105.3,89.1,2024-11-10,Indiana Pacers,New York Knicks,Indiana Pacers,New York Knicks,11.0,2.9,8.1,False,132.0,121.0,114.4,117.2
2024-11-04,Minnesota Timberwolves,Charlotte Hornets,Minnesota Timberwolves,Minnesota Timberwolves,21.0,14.4,6.6,True,114.0,93.0,115.5,101.1,2024-11-10,Milwaukee Bucks,Boston Celtics,Boston Celtics,Boston Celtics,6.0,2.5,3.5,True,107.0,113.0,121.6,124.1
2024-11-04,Los Angeles Clippers,San Antonio Spurs,Los Angeles Clippers,Los Angeles Clippers,9.0,3.2,5.8,True,113.0,104.0,112.8,109.6,2024-11-10,Detroit Pistons,Houston Rockets,Houston Rockets,Detroit Pistons,2.0,3.6,1.6,False,99.0,101.0,111.5,107.9
2024-11-04,Denver Nuggets,Toronto Raptors,Denver Nuggets,Denver Nuggets,2.0,5.6,3.5999999999999996,True,121.0,119.0,122.6,117.0,2024-11-10,Minnesota Timberwolves,Miami Heat,Miami Heat,Minnesota Timberwolves,1.0,2.8,1.7999999999999998,False,94.0,95.0,109.2,106.5
2024-11-04,Dallas Mavericks,Indiana Pacers,Indiana Pacers,Indiana Pacers,7.0,1.2,5.8,True,127.0,134.0,125.9,127.1,2024-11-11,Chicago Bulls,Cleveland Cavaliers,Cleveland Cavaliers,Cleveland Cavaliers,6.0,7.1,1.0999999999999996,True,113.0,119.0,108.6,115.7
2024-11-04,New Orleans Pelicans,Portland Trail Blazers,Portland Trail Blazers,Portland Trail Blazers,18.0,13.1,4.9,True,100.0,118.0,103.7,116.8,2024-11-11,Houston Rockets,Washington Wizards,Houston Rockets,Houston Rockets,15.0,10.8,4.199999999999999,True,107.0,92.0,113.6,102.8
2024-11-04,Oklahoma City Thunder,Orlando Magic,Oklahoma City Thunder,Oklahoma City Thunder,16.0,13.0,3.0,True,102.0,86.0,100.8,87.8,2024-11-11,New Orleans Pelicans,Brooklyn Nets,Brooklyn Nets,Brooklyn Nets,2.0,4.2,2.2,True,105.0,107.0,106.1,110.3
2024-11-04,Houston Rockets,New York Knicks,Houston Rockets,Houston Rockets,12.0,8.8,3.1999999999999993,True,109.0,97.0,110.0,101.2,2024-11-11,Oklahoma City Thunder,Los Angeles Clippers,Oklahoma City Thunder,Oklahoma City Thunder,6.0,2.1,3.9,True,134.0,128.0,109.9,107.8
2024-11-04,Phoenix Suns,Philadelphia 76ers,Phoenix Suns,Phoenix Suns,2.0,1.6,0.3999999999999999,True,118.0,116.0,120.7,119.1,2024-11-11,San Antonio Spurs,Sacramento Kings,San Antonio Spurs,San Antonio Spurs,20.0,1.6,18.4,True,116.0,96.0,110.9,109.3
2024-11-04,Miami Heat,Sacramento Kings,Sacramento Kings,Sacramento Kings,1.0,3.7,2.7,True,110.0,111.0,110.4,114.2,2024-11-12,Portland Trail Blazers,Minnesota Timberwolves,Portland Trail Blazers,Minnesota Timberwolves,14.0,6.7,7.3,False,122.0,108.0,109.2,115.9
2024-11-04,Brooklyn Nets,Memphis Grizzlies,Brooklyn Nets,Brooklyn Nets,2.0,1.7,0.30000000000000004,True,106.0,104.0,108.9,107.2,2024-11-12,Golden State Warriors,Dallas Mavericks,Golden State Warriors,Dallas Mavericks,3.0,2.0,1.0,False,120.0,117.0,110.8,112.8
2024-11-04,Atlanta Hawks,Boston Celtics,Boston Celtics,Boston Celtics,30.0,21.0,9.0,True,93.0,123.0,99.4,120.3,2024-11-12,Utah Jazz,Phoenix Suns,Phoenix Suns,Phoenix Suns,8.0,11.2,3.1999999999999993,True,112.0,120.0,100.8,112.0
2024-11-04,Detroit Pistons,Los Angeles Lakers,Detroit Pistons,Detroit Pistons,12.0,6.1,5.9,True,115.0,103.0,112.1,106.0,2024-11-12,Milwaukee Bucks,Toronto Raptors,Milwaukee Bucks,Milwaukee Bucks,14.0,8.8,5.199999999999999,True,99.0,85.0,113.8,105.0
2024-11-04,Washington Wizards,Golden State Warriors,Golden State Warriors,Golden State Warriors,13.0,18.0,5.0,True,112.0,125.0,107.9,126.0,2024-11-12,Detroit Pistons,Miami Heat,Detroit Pistons,Miami Heat,2.0,1.0,1.0,False,123.0,121.0,109.5,110.5
2024-11-04,Chicago Bulls,Utah Jazz,Utah Jazz,Utah Jazz,9.0,7.2,1.7999999999999998,True,126.0,135.0,127.3,134.5,2024-11-12,Orlando Magic,Charlotte Hornets,Orlando Magic,Orlando Magic,25.0,9.7,15.3,True,114.0,89.0,112.3,102.6
2024-11-04,Cleveland Cavaliers,Milwaukee Bucks,Cleveland Cavaliers,Cleveland Cavaliers,2.0,11.1,9.1,True,116.0,114.0,121.1,110.0,2024-11-12,Boston Celtics,Atlanta Hawks,Atlanta Hawks,Boston Celtics,1.0,0.6,0.4,False,116.0,117.0,113.8,113.2
2024-11-06,Los Angeles Clippers,Philadelphia 76ers,Los Angeles Clippers,Los Angeles Clippers,12.0,7.2,4.8,True,110.0,98.0,109.0,101.8,2024-11-12,Philadelphia 76ers,New York Knicks,New York Knicks,New York Knicks,12.0,6.4,5.6,True,99.0,111.0,100.5,106.9
2024-11-06,Phoenix Suns,Miami Heat,Phoenix Suns,Phoenix Suns,3.0,3.0,0.0,True,115.0,112.0,115.3,112.4,2024-11-13,Milwaukee Bucks,Detroit Pistons,Milwaukee Bucks,Milwaukee Bucks,7.0,4.6,2.4000000000000004,True,127.0,120.0,110.5,105.9
2024-11-06,Denver Nuggets,Oklahoma City Thunder,Denver Nuggets,Oklahoma City Thunder,2.0,2.2,0.20000000000000018,False,124.0,122.0,122.3,124.5,2024-11-13,Portland Trail Blazers,Minnesota Timberwolves,Portland Trail Blazers,Minnesota Timberwolves,8.0,3.0,5.0,False,106.0,98.0,107.1,110.1
2024-11-06,Dallas Mavericks,Chicago Bulls,Dallas Mavericks,Dallas Mavericks,20.0,12.8,7.199999999999999,True,119.0,99.0,116.7,103.9,2024-11-13,Los Angeles Lakers,Memphis Grizzlies,Los Angeles Lakers,Los Angeles Lakers,5.0,2.8,2.2,True,128.0,123.0,121.9,119.1
2024-11-06,New Orleans Pelicans,Cleveland Cavaliers,Cleveland Cavaliers,Cleveland Cavaliers,9.0,12.0,3.0,True,122.0,131.0,118.9,130.9,2024-11-13,Sacramento Kings,Phoenix Suns,Sacramento Kings,Phoenix Suns,23.0,0.9,22.1,False,127.0,104.0,111.7,112.6
2024-11-06,Atlanta Hawks,New York Knicks,Atlanta Hawks,Atlanta Hawks,5.0,0.2,4.8,True,121.0,116.0,117.7,117.5,2024-11-13,Houston Rockets,Los Angeles Clippers,Houston Rockets,Houston Rockets,8.0,1.3,6.7,True,111.0,103.0,114.3,113.0
2024-11-06,Houston Rockets,San Antonio Spurs,Houston Rockets,Houston Rockets,27.0,20.1,6.899999999999999,True,127.0,100.0,122.4,102.3,2024-11-13,San Antonio Spurs,Washington Wizards,San Antonio Spurs,San Antonio Spurs,9.0,9.8,0.8000000000000007,True,139.0,130.0,116.6,106.9
2024-11-06,Boston Celtics,Golden State Warriors,Golden State Warriors,Golden State Warriors,6.0,5.4,0.5999999999999996,True,112.0,118.0,115.4,120.8,2024-11-13,Oklahoma City Thunder,New Orleans Pelicans,Oklahoma City Thunder,Oklahoma City Thunder,18.0,12.2,5.800000000000001,True,106.0,88.0,111.6,99.4
2024-11-06,Sacramento Kings,Toronto Raptors,Sacramento Kings,Sacramento Kings,15.0,9.5,5.5,True,122.0,107.0,119.1,109.6,2024-11-13,New York Knicks,Chicago Bulls,Chicago Bulls,New York Knicks,1.0,1.0,0.0,False,123.0,124.0,113.3,112.2
2024-11-06,Indiana Pacers,Orlando Magic,Indiana Pacers,Indiana Pacers,7.0,8.0,1.0,True,118.0,111.0,117.7,109.7,2024-11-13,Brooklyn Nets,Boston Celtics,Boston Celtics,Boston Celtics,25.0,7.6,17.4,True,114.0,139.0,113.9,121.5
2024-11-06,Charlotte Hornets,Detroit Pistons,Charlotte Hornets,Detroit Pistons,1.0,3.6,2.6,False,108.0,107.0,111.0,114.6,2024-11-13,Orlando Magic,Indiana Pacers,Orlando Magic,Orlando Magic,4.0,7.4,3.4000000000000004,True,94.0,90.0,109.8,102.4
2024-11-06,Memphis Grizzlies,Los Angeles Lakers,Memphis Grizzlies,Memphis Grizzlies,17.0,11.2,5.800000000000001,True,131.0,114.0,122.8,111.6,2024-11-13,Philadelphia 76ers,Cleveland Cavaliers,Cleveland Cavaliers,Cleveland Cavaliers,8.0,7.0,1.0,True,106.0,114.0,101.7,108.6
2024-11-07,Milwaukee Bucks,Utah Jazz,Milwaukee Bucks,Milwaukee Bucks,23.0,19.5,3.5,True,123.0,100.0,121.5,102.0,2024-11-14,Utah Jazz,Dallas Mavericks,Utah Jazz,Dallas Mavericks,2.0,9.4,7.4,False,115.0,113.0,102.6,112.0
2024-11-07,San Antonio Spurs,Portland Trail Blazers,San Antonio Spurs,San Antonio Spurs,13.0,9.0,4.0,True,118.0,105.0,116.0,107.0,2024-11-15,Sacramento Kings,Minnesota Timberwolves,Minnesota Timberwolves,Sacramento Kings,4.0,0.7,3.3,False,126.0,130.0,110.6,109.9
2024-11-07,Chicago Bulls,Minnesota Timberwolves,Minnesota Timberwolves,Minnesota Timberwolves,16.0,10.4,5.6,True,119.0,135.0,120.2,130.6,2024-11-15,Golden State Warriors,Memphis Grizzlies,Golden State Warriors,Memphis Grizzlies,5.0,0.7,4.3,False,123.0,118.0,109.5,110.2
2024-11-08,Minnesota Timberwolves,Portland Trail Blazers,Minnesota Timberwolves,Minnesota Timberwolves,25.0,17.5,7.5,True,127.0,102.0,120.0,102.5,2024-11-15,Oklahoma City Thunder,Phoenix Suns,Oklahoma City Thunder,Oklahoma City Thunder,16.0,2.4,13.6,True,99.0,83.0,107.4,105.0
2024-11-08,Sacramento Kings,Los Angeles Clippers,Los Angeles Clippers,Los Angeles Clippers,9.0,6.9,2.0999999999999996,True,98.0,107.0,100.8,107.7,2024-11-15,New Orleans Pelicans,Denver Nuggets,New Orleans Pelicans,Denver Nuggets,7.0,4.8,2.2,False,101.0,94.0,116.7,121.6
2024-11-08,Los Angeles Lakers,Philadelphia 76ers,Los Angeles Lakers,Los Angeles Lakers,10.0,8.6,1.4000000000000004,True,116.0,106.0,117.6,109.0,2024-11-15,San Antonio Spurs,Los Angeles Lakers,Los Angeles Lakers,San Antonio Spurs,5.0,6.8,1.7999999999999998,False,115.0,120.0,120.1,113.3
2024-11-08,Denver Nuggets,Miami Heat,Denver Nuggets,Denver Nuggets,13.0,4.7,8.3,True,135.0,122.0,124.9,120.2,2024-11-15,Houston Rockets,Los Angeles Clippers,Houston Rockets,Houston Rockets,21.0,6.5,14.5,True,125.0,104.0,116.2,109.7
2024-11-08,Memphis Grizzlies,Washington Wizards,Memphis Grizzlies,Memphis Grizzlies,24.0,14.2,9.8,True,128.0,104.0,124.5,110.3,2024-11-15,Cleveland Cavaliers,Chicago Bulls,Cleveland Cavaliers,Cleveland Cavaliers,18.0,5.0,13.0,True,144.0,126.0,122.1,117.1
2024-11-08,New York Knicks,Milwaukee Bucks,New York Knicks,New York Knicks,22.0,18.8,3.1999999999999993,True,116.0,94.0,114.8,96.1,2024-11-15,Atlanta Hawks,Washington Wizards,Atlanta Hawks,Atlanta Hawks,12.0,5.0,7.0,True,129.0,117.0,113.3,108.2
2024-11-08,Oklahoma City Thunder,Houston Rockets,Oklahoma City Thunder,Oklahoma City Thunder,19.0,14.3,4.699999999999999,True,126.0,107.0,119.0,104.7,2024-11-15,Toronto Raptors,Detroit Pistons,Detroit Pistons,Toronto Raptors,4.0,2.1,1.9,False,95.0,99.0,110.7,108.5
2024-11-08,Cleveland Cavaliers,Golden State Warriors,Cleveland Cavaliers,Cleveland Cavaliers,19.0,10.9,8.1,True,136.0,117.0,132.3,121.4,2024-11-15,Orlando Magic,Philadelphia 76ers,Orlando Magic,Orlando Magic,12.0,5.9,6.1,True,98.0,86.0,109.8,103.9
2024-11-08,Boston Celtics,Brooklyn Nets,Boston Celtics,Boston Celtics,4.0,2.7,1.2999999999999998,True,108.0,104.0,103.8,101.1,2024-11-15,Indiana Pacers,Miami Heat,Miami Heat,Miami Heat,13.0,1.4,11.6,True,111.0,124.0,113.1,114.5
2024-11-08,Orlando Magic,New Orleans Pelicans,Orlando Magic,Orlando Magic,27.0,21.9,5.100000000000001,True,115.0,88.0,113.4,91.4,2024-11-15,New York Knicks,Brooklyn Nets,New York Knicks,New York Knicks,2.0,2.4,0.3999999999999999,True,124.0,122.0,113.4,110.9
2024-11-08,Detroit Pistons,Atlanta Hawks,Detroit Pistons,Atlanta Hawks,1.0,3.1,2.1,False,122.0,121.0,120.4,123.5,2024-11-16,Charlotte Hornets,Milwaukee Bucks,Charlotte Hornets,Charlotte Hornets,1.0,7.9,6.9,True,115.0,114.0,118.7,110.8
2024-11-08,Charlotte Hornets,Indiana Pacers,Charlotte Hornets,Charlotte Hornets,20.0,8.1,11.9,True,103.0,83.0,103.8,95.8,2024-11-16,Boston Celtics,Toronto Raptors,Boston Celtics,Boston Celtics,3.0,6.5,3.5,True,126.0,123.0,123.3,116.8
2024-11-08,Dallas Mavericks,Phoenix Suns,Phoenix Suns,Dallas Mavericks,1.0,3.1,2.1,False,113.0,114.0,117.5,114.3,2024-11-16,New Orleans Pelicans,Los Angeles Lakers,Los Angeles Lakers,Los Angeles Lakers,5.0,3.8,1.2000000000000002,True,99.0,104.0,112.7,116.5
2024-11-09,Los Angeles Clippers,Toronto Raptors,Los Angeles Clippers,Los Angeles Clippers,2.0,3.9,1.9,True,105.0,103.0,106.2,102.3,2024-11-16,Dallas Mavericks,San Antonio Spurs,Dallas Mavericks,Dallas Mavericks,17.0,6.5,10.5,True,110.0,93.0,108.3,101.8
2024-11-09,San Antonio Spurs,Utah Jazz,Utah Jazz,San Antonio Spurs,1.0,1.8,0.8,False,110.0,111.0,113.4,111.5,2024-11-16,Sacramento Kings,Utah Jazz,Sacramento Kings,Sacramento Kings,4.0,6.4,2.4000000000000004,True,121.0,117.0,122.1,115.6
2024-11-09,Atlanta Hawks,Chicago Bulls,Chicago Bulls,Chicago Bulls,12.0,9.8,2.1999999999999993,True,113.0,125.0,112.4,122.3,2024-11-17,Chicago Bulls,Houston Rockets,Houston Rockets,Houston Rockets,36.0,3.9,32.1,True,107.0,143.0,111.4,115.3
2024-11-09,Cleveland Cavaliers,Brooklyn Nets,Cleveland Cavaliers,Cleveland Cavaliers,5.0,0.8,4.2,True,105.0,100.0,105.1,104.3,2024-11-17,Los Angeles Clippers,Utah Jazz,Los Angeles Clippers,Los Angeles Clippers,11.0,4.3,6.7,True,116.0,105.0,116.9,112.6
2024-11-10,Denver Nuggets,Dallas Mavericks,Denver Nuggets,Denver Nuggets,2.0,1.4,0.6000000000000001,True,122.0,120.0,122.5,121.1,2024-11-17,Oklahoma City Thunder,Dallas Mavericks,Dallas Mavericks,Oklahoma City Thunder,2.0,1.9,0.10000000000000009,False,119.0,121.0,108.4,106.5
2024-11-10,Philadelphia 76ers,Charlotte Hornets,Philadelphia 76ers,Philadelphia 76ers,2.0,4.8,2.8,True,107.0,105.0,109.5,104.7,2024-11-17,New York Knicks,Brooklyn Nets,New York Knicks,New York Knicks,10.0,3.1,6.9,True,114.0,104.0,114.9,111.8
2024-11-10,Los Angeles Lakers,Toronto Raptors,Los Angeles Lakers,Los Angeles Lakers,20.0,12.3,7.699999999999999,True,123.0,103.0,117.8,105.4,2024-11-17,Washington Wizards,Detroit Pistons,Detroit Pistons,Detroit Pistons,20.0,3.1,16.9,True,104.0,124.0,106.9,110.0
2024-11-10,Phoenix Suns,Sacramento Kings,Sacramento Kings,Sacramento Kings,9.0,7.4,1.5999999999999996,True,118.0,127.0,120.9,128.3,2024-11-17,Cleveland Cavaliers,Charlotte Hornets,Cleveland Cavaliers,Cleveland Cavaliers,14.0,10.2,3.8000000000000007,True,128.0,114.0,119.8,109.6
2024-11-10,Oklahoma City Thunder,Golden State Warriors,Golden State Warriors,Golden State Warriors,11.0,1.8,9.2,True,116.0,127.0,118.2,120.0,2024-11-17,Memphis Grizzlies,Denver Nuggets,Memphis Grizzlies,Memphis Grizzlies,15.0,7.4,7.6,True,105.0,90.0,115.4,107.9
2024-11-10,Portland Trail Blazers,Memphis Grizzlies,Memphis Grizzlies,Memphis Grizzlies,45.0,27.0,18.0,True,89.0,134.0,100.6,127.6,2024-11-17,Portland Trail Blazers,Atlanta Hawks,Portland Trail Blazers,Atlanta Hawks,4.0,0.4,3.6,False,114.0,110.0,111.4,111.8
2024-11-10,Orlando Magic,Washington Wizards,Orlando Magic,Orlando Magic,27.0,22.3,4.699999999999999,True,121.0,94.0,119.2,96.9,2024-11-17,Indiana Pacers,Miami Heat,Indiana Pacers,Miami Heat,9.0,1.6,7.4,False,119.0,110.0,114.2,115.8
2024-11-10,Indiana Pacers,New York Knicks,Indiana Pacers,New York Knicks,11.0,0.1,10.9,False,132.0,121.0,123.7,123.9,2024-11-17,Minnesota Timberwolves,Phoenix Suns,Minnesota Timberwolves,Minnesota Timberwolves,3.0,1.7,1.3,True,120.0,117.0,115.5,113.8
2024-11-10,Milwaukee Bucks,Boston Celtics,Boston Celtics,Boston Celtics,6.0,2.4,3.6,True,107.0,113.0,109.3,111.7,2024-11-18,Los Angeles Clippers,Golden State Warriors,Los Angeles Clippers,Golden State Warriors,3.0,2.5,0.5,False,102.0,99.0,109.3,111.8
2024-11-10,Detroit Pistons,Houston Rockets,Houston Rockets,Houston Rockets,2.0,3.5,1.5,True,99.0,101.0,100.3,103.8,2024-11-18,Phoenix Suns,Orlando Magic,Orlando Magic,Phoenix Suns,10.0,4.5,5.5,False,99.0,109.0,109.7,105.1
2024-11-10,Minnesota Timberwolves,Miami Heat,Miami Heat,Minnesota Timberwolves,1.0,2.2,1.2000000000000002,False,94.0,95.0,99.4,97.2,2024-11-18,Milwaukee Bucks,Houston Rockets,Milwaukee Bucks,Milwaukee Bucks,1.0,4.8,3.8,True,101.0,100.0,109.5,104.7
2024-11-11,Chicago Bulls,Cleveland Cavaliers,Cleveland Cavaliers,Cleveland Cavaliers,6.0,5.9,0.09999999999999964,True,113.0,119.0,116.3,122.1,2024-11-18,Sacramento Kings,Atlanta Hawks,Atlanta Hawks,Sacramento Kings,1.0,2.4,1.4,False,108.0,109.0,115.7,113.3
2024-11-11,Houston Rockets,Washington Wizards,Houston Rockets,Houston Rockets,15.0,14.9,0.09999999999999964,True,107.0,92.0,113.4,98.4,2024-11-18,New York Knicks,Washington Wizards,New York Knicks,New York Knicks,28.0,11.3,16.7,True,134.0,106.0,120.7,109.4
2024-11-11,New Orleans Pelicans,Brooklyn Nets,Brooklyn Nets,Brooklyn Nets,2.0,3.3,1.2999999999999998,True,105.0,107.0,105.2,108.4,2024-11-18,Miami Heat,Philadelphia 76ers,Miami Heat,Miami Heat,17.0,3.6,13.4,True,106.0,89.0,108.8,105.2
2024-11-11,Oklahoma City Thunder,Los Angeles Clippers,Oklahoma City Thunder,Oklahoma City Thunder,6.0,0.3,5.7,True,134.0,128.0,124.1,123.7,2024-11-18,Detroit Pistons,Chicago Bulls,Chicago Bulls,Chicago Bulls,10.0,4.9,5.1,True,112.0,122.0,113.1,118.0
2024-11-11,San Antonio Spurs,Sacramento Kings,San Antonio Spurs,San Antonio Spurs,20.0,10.9,9.1,True,116.0,96.0,112.4,101.5,2024-11-18,Toronto Raptors,Indiana Pacers,Toronto Raptors,Toronto Raptors,11.0,7.2,3.8,True,130.0,119.0,116.2,109.0
2024-11-12,Portland Trail Blazers,Minnesota Timberwolves,Portland Trail Blazers,Portland Trail Blazers,14.0,4.7,9.3,True,122.0,108.0,115.8,111.1,2024-11-19,Boston Celtics,Cleveland Cavaliers,Boston Celtics,Cleveland Cavaliers,3.0,5.4,2.4000000000000004,False,120.0,117.0,117.2,122.6
2024-11-12,Golden State Warriors,Dallas Mavericks,Golden State Warriors,Golden State Warriors,3.0,4.1,1.0999999999999996,True,120.0,117.0,120.6,116.5,2024-11-19,Brooklyn Nets,Charlotte Hornets,Brooklyn Nets,Brooklyn Nets,1.0,3.3,2.3,True,116.0,115.0,118.0,114.7
2024-11-12,Utah Jazz,Phoenix Suns,Phoenix Suns,Phoenix Suns,8.0,3.1,4.9,True,112.0,120.0,114.1,117.2,2024-11-19,Memphis Grizzlies,Denver Nuggets,Denver Nuggets,Memphis Grizzlies,12.0,6.3,5.7,False,110.0,122.0,113.7,107.4
2024-11-12,Milwaukee Bucks,Toronto Raptors,Milwaukee Bucks,Milwaukee Bucks,14.0,9.3,4.699999999999999,True,99.0,85.0,104.1,94.8,2024-11-19,Dallas Mavericks,New Orleans Pelicans,Dallas Mavericks,Dallas Mavericks,41.0,14.9,26.1,True,132.0,91.0,115.0,100.2
2024-11-12,Detroit Pistons,Miami Heat,Detroit Pistons,Miami Heat,2.0,1.9,0.10000000000000009,False,123.0,121.0,116.4,118.3,2024-11-19,San Antonio Spurs,Oklahoma City Thunder,San Antonio Spurs,Oklahoma City Thunder,6.0,2.1,3.9,False,110.0,104.0,109.2,111.4
2024-11-12,Orlando Magic,Charlotte Hornets,Orlando Magic,Orlando Magic,25.0,22.4,2.6000000000000014,True,114.0,89.0,112.6,90.2,2024-11-19,Los Angeles Lakers,Utah Jazz,Los Angeles Lakers,Los Angeles Lakers,6.0,6.1,0.09999999999999964,True,124.0,118.0,125.9,119.8
2024-11-12,Boston Celtics,Atlanta Hawks,Atlanta Hawks,Boston Celtics,1.0,0.4,0.6,False,116.0,117.0,119.9,119.5,2024-11-20,Golden State Warriors,Atlanta Hawks,Golden State Warriors,Golden State Warriors,23.0,4.8,18.2,True,120.0,97.0,110.2,105.5
2024-11-12,Philadelphia 76ers,New York Knicks,New York Knicks,New York Knicks,12.0,6.8,5.2,True,99.0,111.0,105.2,112.0,2024-11-20,Los Angeles Clippers,Orlando Magic,Los Angeles Clippers,Los Angeles Clippers,11.0,4.8,6.2,True,104.0,93.0,110.4,105.7
2024-11-13,Milwaukee Bucks,Detroit Pistons,Milwaukee Bucks,Milwaukee Bucks,7.0,8.2,1.1999999999999993,True,127.0,120.0,119.8,111.6,2024-11-20,Phoenix Suns,New York Knicks,New York Knicks,New York Knicks,16.0,6.6,9.4,True,122.0,138.0,111.8,118.4
2024-11-13,Portland Trail Blazers,Minnesota Timberwolves,Portland Trail Blazers,Portland Trail Blazers,8.0,8.3,0.3000000000000007,True,106.0,98.0,108.7,100.3,2024-11-20,Oklahoma City Thunder,Portland Trail Blazers,Oklahoma City Thunder,Oklahoma City Thunder,10.0,6.0,4.0,True,109.0,99.0,106.3,100.3
2024-11-13,Los Angeles Lakers,Memphis Grizzlies,Los Angeles Lakers,Los Angeles Lakers,5.0,1.7,3.3,True,128.0,123.0,122.9,121.2,2024-11-20,Houston Rockets,Indiana Pacers,Houston Rockets,Houston Rockets,17.0,7.9,9.1,True,130.0,113.0,112.4,104.5
2024-11-13,Sacramento Kings,Phoenix Suns,Sacramento Kings,Sacramento Kings,23.0,8.5,14.5,True,127.0,104.0,119.2,110.7,2024-11-20,Milwaukee Bucks,Chicago Bulls,Milwaukee Bucks,Chicago Bulls,16.0,0.3,15.7,False,122.0,106.0,115.2,115.5
2024-11-13,Houston Rockets,Los Angeles Clippers,Houston Rockets,Houston Rockets,8.0,10.0,2.0,True,111.0,103.0,114.4,104.4,2024-11-20,Cleveland Cavaliers,New Orleans Pelicans,Cleveland Cavaliers,Cleveland Cavaliers,28.0,19.7,8.3,True,128.0,100.0,123.5,103.8
2024-11-13,San Antonio Spurs,Washington Wizards,San Antonio Spurs,San Antonio Spurs,9.0,6.6,2.4000000000000004,True,139.0,130.0,128.7,122.0,2024-11-20,Memphis Grizzlies,Philadelphia 76ers,Memphis Grizzlies,Memphis Grizzlies,6.0,8.9,2.9000000000000004,True,117.0,111.0,113.0,104.1
2024-11-13,Oklahoma City Thunder,New Orleans Pelicans,Oklahoma City Thunder,Oklahoma City Thunder,18.0,17.9,0.10000000000000142,True,106.0,88.0,108.8,91.0,2024-11-21,Charlotte Hornets,Detroit Pistons,Charlotte Hornets,Detroit Pistons,2.0,3.2,1.2000000000000002,False,123.0,121.0,109.8,113.0
2024-11-13,New York Knicks,Chicago Bulls,Chicago Bulls,New York Knicks,1.0,0.8,0.19999999999999996,False,123.0,124.0,123.2,122.5,2024-11-21,Toronto Raptors,Minnesota Timberwolves,Toronto Raptors,Toronto Raptors,5.0,0.5,4.5,True,110.0,105.0,113.4,112.9
2024-11-13,Brooklyn Nets,Boston Celtics,Boston Celtics,Boston Celtics,25.0,17.3,7.699999999999999,True,114.0,139.0,112.9,130.1,2024-11-21,San Antonio Spurs,Utah Jazz,San Antonio Spurs,San Antonio Spurs,8.0,6.3,1.7000000000000002,True,126.0,118.0,121.2,114.8
2024-11-13,Orlando Magic,Indiana Pacers,Orlando Magic,Orlando Magic,4.0,7.1,3.0999999999999996,True,94.0,90.0,98.0,90.9,2024-11-21,Los Angeles Lakers,Orlando Magic,Orlando Magic,Los Angeles Lakers,1.0,8.9,7.9,False,118.0,119.0,120.3,111.4
2024-11-13,Philadelphia 76ers,Cleveland Cavaliers,Cleveland Cavaliers,Cleveland Cavaliers,8.0,11.4,3.4000000000000004,True,106.0,114.0,105.8,117.2,2024-11-22,Washington Wizards,Boston Celtics,Boston Celtics,Boston Celtics,12.0,8.3,3.6999999999999993,True,96.0,108.0,107.7,115.9
2024-11-14,Utah Jazz,Dallas Mavericks,Utah Jazz,Utah Jazz,2.0,1.2,0.8,True,115.0,113.0,113.8,112.5,2024-11-22,Philadelphia 76ers,Brooklyn Nets,Philadelphia 76ers,Brooklyn Nets,15.0,5.5,9.5,False,113.0,98.0,100.9,106.4
2024-11-15,Sacramento Kings,Minnesota Timberwolves,Minnesota Timberwolves,Sacramento Kings,4.0,2.3,1.7000000000000002,False,126.0,130.0,125.3,122.9,2024-11-22,New Orleans Pelicans,Golden State Warriors,Golden State Warriors,Golden State Warriors,4.0,7.2,3.2,True,108.0,112.0,108.0,115.1
2024-11-15,Golden State Warriors,Memphis Grizzlies,Golden State Warriors,Golden State Warriors,5.0,2.2,2.8,True,123.0,118.0,121.2,119.0,2024-11-22,Chicago Bulls,Atlanta Hawks,Chicago Bulls,Chicago Bulls,14.0,0.2,13.8,True,136.0,122.0,117.5,117.3
2024-11-15,Oklahoma City Thunder,Phoenix Suns,Oklahoma City Thunder,Oklahoma City Thunder,16.0,10.6,5.4,True,99.0,83.0,100.9,90.2,2024-11-22,Houston Rockets,Portland Trail Blazers,Houston Rockets,Houston Rockets,28.0,12.1,15.9,True,116.0,88.0,114.9,102.8
2024-11-15,New Orleans Pelicans,Denver Nuggets,New Orleans Pelicans,New Orleans Pelicans,7.0,2.7,4.3,True,101.0,94.0,102.2,99.5,2024-11-22,Milwaukee Bucks,Indiana Pacers,Milwaukee Bucks,Milwaukee Bucks,12.0,8.9,3.0999999999999996,True,129.0,117.0,115.7,106.8
2024-11-15,San Antonio Spurs,Los Angeles Lakers,Los Angeles Lakers,Los Angeles Lakers,5.0,0.7,4.3,True,115.0,120.0,112.0,112.8,2024-11-22,Denver Nuggets,Dallas Mavericks,Dallas Mavericks,Denver Nuggets,3.0,0.5,2.5,False,120.0,123.0,123.0,122.5
2024-11-15,Houston Rockets,Los Angeles Clippers,Houston Rockets,Houston Rockets,21.0,13.0,8.0,True,125.0,104.0,118.5,105.5,2024-11-22,Los Angeles Clippers,Sacramento Kings,Los Angeles Clippers,Los Angeles Clippers,16.0,2.1,13.9,True,104.0,88.0,106.7,104.6
2024-11-15,Cleveland Cavaliers,Chicago Bulls,Cleveland Cavaliers,Cleveland Cavaliers,18.0,11.6,6.4,True,144.0,126.0,134.8,123.3,2024-11-23,San Antonio Spurs,Golden State Warriors,San Antonio Spurs,San Antonio Spurs,10.0,3.5,6.5,True,104.0,94.0,116.9,113.4
2024-11-15,Atlanta Hawks,Washington Wizards,Atlanta Hawks,Atlanta Hawks,12.0,6.2,5.8,True,129.0,117.0,127.2,121.0,2024-11-23,Los Angeles Lakers,Denver Nuggets,Denver Nuggets,Los Angeles Lakers,25.0,4.4,20.6,False,102.0,127.0,121.2,116.8
2024-11-15,Toronto Raptors,Detroit Pistons,Detroit Pistons,Detroit Pistons,4.0,5.9,1.9000000000000004,True,95.0,99.0,97.8,103.7,2024-11-23,Milwaukee Bucks,Charlotte Hornets,Milwaukee Bucks,Milwaukee Bucks,6.0,6.0,0.0,True,125.0,119.0,116.8,110.8
2024-11-15,Orlando Magic,Philadelphia 76ers,Orlando Magic,Orlando Magic,12.0,10.2,1.8000000000000007,True,98.0,86.0,99.1,89.0,2024-11-23,Houston Rockets,Portland Trail Blazers,Portland Trail Blazers,Houston Rockets,6.0,10.4,4.4,False,98.0,104.0,113.2,102.9
2024-11-15,Indiana Pacers,Miami Heat,Miami Heat,Miami Heat,13.0,8.0,5.0,True,111.0,124.0,112.5,120.6,2024-11-23,Chicago Bulls,Memphis Grizzlies,Memphis Grizzlies,Memphis Grizzlies,11.0,3.8,7.2,True,131.0,142.0,118.4,122.2
2024-11-15,New York Knicks,Brooklyn Nets,New York Knicks,New York Knicks,2.0,1.4,0.6000000000000001,True,124.0,122.0,119.5,118.1,2024-11-23,Orlando Magic,Detroit Pistons,Orlando Magic,Orlando Magic,11.0,4.2,6.8,True,111.0,100.0,107.2,102.9
2024-11-16,Charlotte Hornets,Milwaukee Bucks,Charlotte Hornets,Charlotte Hornets,1.0,5.3,4.3,True,115.0,114.0,109.9,104.5,2024-11-23,Utah Jazz,New York Knicks,Utah Jazz,New York Knicks,15.0,8.1,6.9,False,121.0,106.0,102.6,110.7
2024-11-16,Boston Celtics,Toronto Raptors,Boston Celtics,Boston Celtics,3.0,5.5,2.5,True,126.0,123.0,123.7,118.2,2024-11-24,Boston Celtics,Minnesota Timberwolves,Boston Celtics,Minnesota Timberwolves,2.0,1.0,1.0,False,107.0,105.0,116.7,117.7
2024-11-16,New Orleans Pelicans,Los Angeles Lakers,Los Angeles Lakers,Los Angeles Lakers,5.0,0.4,4.6,True,99.0,104.0,104.1,104.5,2024-11-24,Indiana Pacers,Washington Wizards,Indiana Pacers,Indiana Pacers,12.0,9.9,2.0999999999999996,True,115.0,103.0,120.3,110.4
2024-11-16,Dallas Mavericks,San Antonio Spurs,Dallas Mavericks,Dallas Mavericks,17.0,15.0,2.0,True,110.0,93.0,111.0,96.0,2024-11-24,Miami Heat,Dallas Mavericks,Miami Heat,Dallas Mavericks,5.0,0.7,4.3,False,123.0,118.0,111.5,112.2
2024-11-16,Sacramento Kings,Utah Jazz,Sacramento Kings,Sacramento Kings,4.0,2.5,1.5,True,121.0,117.0,120.7,118.2,2024-11-24,Philadelphia 76ers,Los Angeles Clippers,Los Angeles Clippers,Los Angeles Clippers,26.0,5.3,20.7,True,99.0,125.0,102.1,107.4
2024-11-17,Chicago Bulls,Houston Rockets,Houston Rockets,Houston Rockets,36.0,19.2,16.8,True,107.0,143.0,113.0,132.2,2024-11-24,Cleveland Cavaliers,Toronto Raptors,Cleveland Cavaliers,Cleveland Cavaliers,14.0,12.9,1.0999999999999996,True,122.0,108.0,122.7,109.7
2024-11-17,Los Angeles Clippers,Utah Jazz,Los Angeles Clippers,Los Angeles Clippers,11.0,13.0,2.0,True,116.0,105.0,118.2,105.3,2024-11-24,Sacramento Kings,Brooklyn Nets,Brooklyn Nets,Sacramento Kings,5.0,0.8,4.2,False,103.0,108.0,111.4,110.6
2024-11-17,Oklahoma City Thunder,Dallas Mavericks,Dallas Mavericks,Oklahoma City Thunder,2.0,2.4,0.3999999999999999,False,119.0,121.0,120.6,118.1,2024-11-25,Sacramento Kings,Oklahoma City Thunder,Oklahoma City Thunder,Oklahoma City Thunder,21.0,3.1,17.9,True,109.0,130.0,109.2,112.4
2024-11-17,New York Knicks,Brooklyn Nets,New York Knicks,New York Knicks,10.0,3.8,6.2,True,114.0,104.0,119.1,115.3,2024-11-25,Golden State Warriors,Brooklyn Nets,Brooklyn Nets,Brooklyn Nets,8.0,4.1,3.9000000000000004,True,120.0,128.0,111.5,115.6
2024-11-17,Washington Wizards,Detroit Pistons,Detroit Pistons,Detroit Pistons,20.0,19.1,0.8999999999999986,True,104.0,124.0,101.4,120.5,2024-11-25,Denver Nuggets,New York Knicks,New York Knicks,New York Knicks,27.0,4.9,22.1,True,118.0,145.0,116.8,121.6
2024-11-17,Cleveland Cavaliers,Charlotte Hornets,Cleveland Cavaliers,Cleveland Cavaliers,14.0,11.6,2.4000000000000004,True,128.0,114.0,121.6,110.0,2024-11-25,Memphis Grizzlies,Portland Trail Blazers,Memphis Grizzlies,Memphis Grizzlies,25.0,13.2,11.8,True,123.0,98.0,116.1,102.9
2024-11-17,Memphis Grizzlies,Denver Nuggets,Memphis Grizzlies,Memphis Grizzlies,15.0,7.4,7.6,True,105.0,90.0,110.1,102.7,2024-11-25,Charlotte Hornets,Orlando Magic,Orlando Magic,Charlotte Hornets,11.0,0.9,10.1,False,84.0,95.0,107.7,106.8
2024-11-17,Portland Trail Blazers,Atlanta Hawks,Portland Trail Blazers,Portland Trail Blazers,4.0,0.1,3.9,True,114.0,110.0,114.2,114.0,2024-11-25,Atlanta Hawks,Dallas Mavericks,Dallas Mavericks,Dallas Mavericks,10.0,2.9,7.1,True,119.0,129.0,114.8,117.7
2024-11-17,Indiana Pacers,Miami Heat,Indiana Pacers,Miami Heat,9.0,2.7,6.3,False,119.0,110.0,116.5,119.2,2024-11-25,Indiana Pacers,New Orleans Pelicans,Indiana Pacers,Indiana Pacers,4.0,14.6,10.6,True,114.0,110.0,121.6,107.0
2024-11-17,Minnesota Timberwolves,Phoenix Suns,Minnesota Timberwolves,Minnesota Timberwolves,3.0,5.1,2.0999999999999996,True,120.0,117.0,120.0,114.9,2024-11-25,Detroit Pistons,Toronto Raptors,Detroit Pistons,Detroit Pistons,2.0,6.3,4.3,True,102.0,100.0,118.1,111.7
2024-11-18,Los Angeles Clippers,Golden State Warriors,Los Angeles Clippers,Los Angeles Clippers,3.0,1.6,1.4,True,102.0,99.0,105.6,104.1,2024-11-25,Boston Celtics,Los Angeles Clippers,Boston Celtics,Boston Celtics,32.0,4.0,28.0,True,126.0,94.0,122.1,118.1
2024-11-18,Phoenix Suns,Orlando Magic,Orlando Magic,Orlando Magic,10.0,2.4,7.6,True,99.0,109.0,103.2,105.5,2024-11-26,Phoenix Suns,Los Angeles Lakers,Phoenix Suns,Phoenix Suns,27.0,3.1,23.9,True,127.0,100.0,117.0,114.0
2024-11-18,Milwaukee Bucks,Houston Rockets,Milwaukee Bucks,Milwaukee Bucks,1.0,2.2,1.2000000000000002,True,101.0,100.0,103.5,101.3,2024-11-26,Utah Jazz,San Antonio Spurs,San Antonio Spurs,San Antonio Spurs,13.0,2.4,10.6,True,115.0,128.0,103.5,105.9
2024-11-18,Sacramento Kings,Atlanta Hawks,Atlanta Hawks,Sacramento Kings,1.0,1.6,0.6000000000000001,False,108.0,109.0,114.4,112.9,2024-11-26,Minnesota Timberwolves,Houston Rockets,Houston Rockets,Minnesota Timberwolves,6.0,5.7,0.2999999999999998,False,111.0,117.0,111.0,105.3
2024-11-18,New York Knicks,Washington Wizards,New York Knicks,New York Knicks,28.0,17.2,10.8,True,134.0,106.0,125.8,108.6,2024-11-26,Miami Heat,Milwaukee Bucks,Milwaukee Bucks,Miami Heat,3.0,4.4,1.4000000000000004,False,103.0,106.0,111.2,106.8
2024-11-18,Miami Heat,Philadelphia 76ers,Miami Heat,Miami Heat,17.0,11.7,5.300000000000001,True,106.0,89.0,104.0,92.2,2024-11-26,Washington Wizards,Chicago Bulls,Chicago Bulls,Chicago Bulls,19.0,6.2,12.8,True,108.0,127.0,106.2,112.4
2024-11-18,Detroit Pistons,Chicago Bulls,Chicago Bulls,Chicago Bulls,10.0,7.2,2.8,True,112.0,122.0,118.8,126.0,2024-11-27,Golden State Warriors,Oklahoma City Thunder,Oklahoma City Thunder,Oklahoma City Thunder,4.0,6.8,2.8,True,101.0,105.0,106.5,113.3
2024-11-18,Toronto Raptors,Indiana Pacers,Toronto Raptors,Toronto Raptors,11.0,8.7,2.3000000000000007,True,130.0,119.0,124.7,116.0,2024-11-27,Utah Jazz,Denver Nuggets,Denver Nuggets,Denver Nuggets,19.0,6.5,12.5,True,103.0,122.0,108.8,115.3
2024-11-19,Boston Celtics,Cleveland Cavaliers,Boston Celtics,Cleveland Cavaliers,3.0,2.1,0.8999999999999999,False,120.0,117.0,118.8,120.9,2024-11-27,Phoenix Suns,Brooklyn Nets,Brooklyn Nets,Brooklyn Nets,10.0,3.4,6.6,True,117.0,127.0,110.9,114.2
2024-11-19,Brooklyn Nets,Charlotte Hornets,Brooklyn Nets,Brooklyn Nets,1.0,2.1,1.1,True,116.0,115.0,113.8,111.7,2024-11-27,San Antonio Spurs,Los Angeles Lakers,Los Angeles Lakers,San Antonio Spurs,18.0,4.7,13.3,False,101.0,119.0,117.2,112.6
2024-11-19,Memphis Grizzlies,Denver Nuggets,Denver Nuggets,Memphis Grizzlies,12.0,0.6,11.4,False,110.0,122.0,111.9,111.3,2024-11-27,New Orleans Pelicans,Toronto Raptors,Toronto Raptors,Toronto Raptors,26.0,0.2,25.8,True,93.0,119.0,112.8,113.1
2024-11-19,Dallas Mavericks,New Orleans Pelicans,Dallas Mavericks,Dallas Mavericks,41.0,24.6,16.4,True,132.0,91.0,120.8,96.3,2024-11-27,Minnesota Timberwolves,Sacramento Kings,Sacramento Kings,Minnesota Timberwolves,11.0,3.6,7.4,False,104.0,115.0,111.2,107.6
2024-11-19,San Antonio Spurs,Oklahoma City Thunder,San Antonio Spurs,San Antonio Spurs,6.0,0.0,6.0,True,110.0,104.0,107.3,107.3,2024-11-27,Memphis Grizzlies,Detroit Pistons,Memphis Grizzlies,Memphis Grizzlies,20.0,6.8,13.2,True,131.0,111.0,113.0,106.2
2024-11-19,Los Angeles Lakers,Utah Jazz,Los Angeles Lakers,Los Angeles Lakers,6.0,8.7,2.6999999999999993,True,124.0,118.0,124.0,115.3,2024-11-27,Washington Wizards,Los Angeles Clippers,Los Angeles Clippers,Los Angeles Clippers,25.0,3.3,21.7,True,96.0,121.0,105.3,108.7
2024-11-20,Golden State Warriors,Atlanta Hawks,Golden State Warriors,Golden State Warriors,23.0,13.4,9.6,True,120.0,97.0,114.2,100.8,2024-11-27,Philadelphia 76ers,Houston Rockets,Houston Rockets,Houston Rockets,7.0,5.6,1.4000000000000004,True,115.0,122.0,100.0,105.7
2024-11-20,Los Angeles Clippers,Orlando Magic,Los Angeles Clippers,Los Angeles Clippers,11.0,6.0,5.0,True,104.0,93.0,104.8,98.8,2024-11-27,Orlando Magic,Chicago Bulls,Orlando Magic,Chicago Bulls,14.0,0.5,13.5,False,133.0,119.0,108.9,109.5
2024-11-20,Phoenix Suns,New York Knicks,New York Knicks,New York Knicks,16.0,8.3,7.699999999999999,True,122.0,138.0,122.5,130.8,2024-11-27,Indiana Pacers,Portland Trail Blazers,Indiana Pacers,Indiana Pacers,7.0,9.5,2.5,True,121.0,114.0,117.9,108.3
2024-11-20,Oklahoma City Thunder,Portland Trail Blazers,Oklahoma City Thunder,Oklahoma City Thunder,10.0,14.3,4.300000000000001,True,109.0,99.0,107.9,93.6,2024-11-27,Cleveland Cavaliers,Atlanta Hawks,Atlanta Hawks,Cleveland Cavaliers,11.0,6.8,4.2,False,124.0,135.0,121.3,114.6
2024-11-20,Houston Rockets,Indiana Pacers,Houston Rockets,Houston Rockets,17.0,15.0,2.0,True,130.0,113.0,126.2,111.3,2024-11-27,Charlotte Hornets,Miami Heat,Miami Heat,Miami Heat,4.0,5.9,1.9000000000000004,True,94.0,98.0,105.6,111.4
2024-11-20,Milwaukee Bucks,Chicago Bulls,Milwaukee Bucks,Milwaukee Bucks,16.0,7.0,9.0,True,122.0,106.0,121.6,114.6,2024-11-27,Dallas Mavericks,New York Knicks,Dallas Mavericks,New York Knicks,15.0,3.5,11.5,False,129.0,114.0,109.9,113.4
2024-11-20,Cleveland Cavaliers,New Orleans Pelicans,Cleveland Cavaliers,Cleveland Cavaliers,28.0,20.0,8.0,True,128.0,100.0,122.2,102.2,2024-11-29,Indiana Pacers,Detroit Pistons,Detroit Pistons,Indiana Pacers,24.0,2.3,21.7,False,106.0,130.0,114.5,112.2
2024-11-20,Memphis Grizzlies,Philadelphia 76ers,Memphis Grizzlies,Memphis Grizzlies,6.0,7.1,1.0999999999999996,True,117.0,111.0,115.8,108.7,2024-11-29,Los Angeles Lakers,Oklahoma City Thunder,Oklahoma City Thunder,Oklahoma City Thunder,8.0,0.1,7.9,True,93.0,101.0,113.6,113.8
2024-11-21,Charlotte Hornets,Detroit Pistons,Charlotte Hornets,Detroit Pistons,2.0,0.0,2.0,False,123.0,121.0,116.0,116.0,2024-11-29,Miami Heat,Toronto Raptors,Miami Heat,Miami Heat,10.0,6.3,3.7,True,121.0,111.0,113.8,107.5
2024-11-21,Toronto Raptors,Minnesota Timberwolves,Toronto Raptors,Toronto Raptors,5.0,5.7,0.7000000000000002,True,110.0,105.0,114.5,108.8,2024-11-29,Chicago Bulls,Boston Celtics,Boston Celtics,Boston Celtics,9.0,9.4,0.40000000000000036,True,129.0,138.0,114.3,123.7
2024-11-21,San Antonio Spurs,Utah Jazz,San Antonio Spurs,San Antonio Spurs,8.0,1.6,6.4,True,126.0,118.0,123.7,122.2,2024-11-29,Portland Trail Blazers,Sacramento Kings,Portland Trail Blazers,Sacramento Kings,9.0,0.1,8.9,False,115.0,106.0,106.5,106.6
2024-11-21,Los Angeles Lakers,Orlando Magic,Orlando Magic,Los Angeles Lakers,1.0,3.9,2.9,False,118.0,119.0,116.3,112.3,2024-11-29,Brooklyn Nets,Orlando Magic,Orlando Magic,Brooklyn Nets,23.0,1.6,21.4,False,100.0,123.0,114.5,112.9
2024-11-22,Washington Wizards,Boston Celtics,Boston Celtics,Boston Celtics,12.0,17.8,5.800000000000001,True,96.0,108.0,96.7,114.5,2024-11-29,Charlotte Hornets,New York Knicks,New York Knicks,New York Knicks,1.0,7.2,6.2,True,98.0,99.0,105.8,113.0
2024-11-22,Philadelphia 76ers,Brooklyn Nets,Philadelphia 76ers,Philadelphia 76ers,15.0,5.4,9.6,True,113.0,98.0,109.1,103.7,2024-11-29,Minnesota Timberwolves,Los Angeles Clippers,Minnesota Timberwolves,Minnesota Timberwolves,1.0,2.9,1.9,True,93.0,92.0,109.6,106.7
2024-11-22,New Orleans Pelicans,Golden State Warriors,Golden State Warriors,Golden State Warriors,4.0,6.7,2.7,True,108.0,112.0,106.9,113.6,2024-11-29,Memphis Grizzlies,New Orleans Pelicans,Memphis Grizzlies,Memphis Grizzlies,11.0,16.0,5.0,True,120.0,109.0,118.0,102.0
2024-11-22,Chicago Bulls,Atlanta Hawks,Chicago Bulls,Chicago Bulls,14.0,2.9,11.1,True,136.0,122.0,128.1,125.2,2024-11-29,Atlanta Hawks,Cleveland Cavaliers,Atlanta Hawks,Cleveland Cavaliers,16.0,3.7,12.3,False,117.0,101.0,108.8,112.5
2024-11-22,Houston Rockets,Portland Trail Blazers,Houston Rockets,Houston Rockets,28.0,17.8,10.2,True,116.0,88.0,114.0,96.2,2024-11-30,Charlotte Hornets,Atlanta Hawks,Atlanta Hawks,Atlanta Hawks,3.0,1.4,1.6,True,104.0,107.0,108.1,109.6
2024-11-22,Milwaukee Bucks,Indiana Pacers,Milwaukee Bucks,Milwaukee Bucks,12.0,13.7,1.6999999999999993,True,129.0,117.0,125.4,111.6,2024-11-30,Detroit Pistons,Philadelphia 76ers,Philadelphia 76ers,Detroit Pistons,15.0,3.6,11.4,False,96.0,111.0,110.6,106.9
2024-11-22,Denver Nuggets,Dallas Mavericks,Dallas Mavericks,Dallas Mavericks,3.0,0.9,2.1,True,120.0,123.0,122.8,123.7,2024-11-30,Milwaukee Bucks,Washington Wizards,Milwaukee Bucks,Milwaukee Bucks,10.0,9.8,0.1999999999999993,True,124.0,114.0,117.4,107.6
2024-11-22,Los Angeles Clippers,Sacramento Kings,Los Angeles Clippers,Los Angeles Clippers,16.0,8.7,7.300000000000001,True,104.0,88.0,103.2,94.5,2024-11-30,Phoenix Suns,Golden State Warriors,Phoenix Suns,Phoenix Suns,8.0,0.8,7.2,True,113.0,105.0,117.2,116.3
2024-11-23,San Antonio Spurs,Golden State Warriors,San Antonio Spurs,San Antonio Spurs,10.0,7.9,2.0999999999999996,True,104.0,94.0,107.1,99.3,2024-11-30,Utah Jazz,Dallas Mavericks,Dallas Mavericks,Dallas Mavericks,12.0,7.2,4.8,True,94.0,106.0,108.5,115.6
2024-11-23,Los Angeles Lakers,Denver Nuggets,Denver Nuggets,Denver Nuggets,25.0,11.2,13.8,True,102.0,127.0,108.6,119.8,2024-12-01,Los Angeles Clippers,Denver Nuggets,Los Angeles Clippers,Los Angeles Clippers,4.0,1.0,3.0,True,126.0,122.0,102.1,101.2
2024-11-23,Milwaukee Bucks,Charlotte Hornets,Milwaukee Bucks,Milwaukee Bucks,6.0,10.6,4.6,True,125.0,119.0,120.9,110.3,2024-12-01,Sacramento Kings,San Antonio Spurs,San Antonio Spurs,Sacramento Kings,2.0,0.8,1.2,False,125.0,127.0,113.9,113.0
2024-11-23,Houston Rockets,Portland Trail Blazers,Portland Trail Blazers,Houston Rockets,6.0,13.2,7.199999999999999,False,98.0,104.0,110.9,97.7,2024-12-01,Portland Trail Blazers,Dallas Mavericks,Dallas Mavericks,Dallas Mavericks,6.0,4.7,1.2999999999999998,True,131.0,137.0,107.9,112.7
2024-11-23,Chicago Bulls,Memphis Grizzlies,Memphis Grizzlies,Memphis Grizzlies,11.0,11.8,0.8000000000000007,True,131.0,142.0,123.9,135.7,2024-12-01,Utah Jazz,Los Angeles Lakers,Los Angeles Lakers,Los Angeles Lakers,1.0,4.3,3.3,True,104.0,105.0,106.9,111.2
2024-11-23,Orlando Magic,Detroit Pistons,Orlando Magic,Orlando Magic,11.0,9.0,2.0,True,111.0,100.0,107.2,98.3,2024-12-01,Houston Rockets,Oklahoma City Thunder,Houston Rockets,Houston Rockets,3.0,6.9,3.9000000000000004,True,119.0,116.0,108.4,101.6
2024-11-23,Utah Jazz,New York Knicks,Utah Jazz,Utah Jazz,15.0,3.9,11.1,True,121.0,106.0,110.1,106.2,2024-12-01,Cleveland Cavaliers,Boston Celtics,Cleveland Cavaliers,Cleveland Cavaliers,4.0,2.8,1.2000000000000002,True,115.0,111.0,127.4,124.7
2024-11-24,Boston Celtics,Minnesota Timberwolves,Boston Celtics,Boston Celtics,2.0,8.5,6.5,True,107.0,105.0,110.0,101.5,2024-12-01,New York Knicks,New Orleans Pelicans,New York Knicks,New York Knicks,33.0,22.8,10.2,True,118.0,85.0,124.1,101.3
2024-11-24,Indiana Pacers,Washington Wizards,Indiana Pacers,Indiana Pacers,12.0,9.3,2.6999999999999993,True,115.0,103.0,120.6,111.3,2024-12-01,Memphis Grizzlies,Indiana Pacers,Memphis Grizzlies,Memphis Grizzlies,15.0,10.3,4.699999999999999,True,136.0,121.0,127.5,117.2
2024-11-24,Miami Heat,Dallas Mavericks,Miami Heat,Miami Heat,5.0,1.3,3.7,True,123.0,118.0,120.9,119.6,2024-12-01,Toronto Raptors,Miami Heat,Toronto Raptors,Toronto Raptors,3.0,4.9,1.9000000000000004,True,119.0,116.0,116.5,111.6
2024-11-24,Philadelphia 76ers,Los Angeles Clippers,Los Angeles Clippers,Los Angeles Clippers,26.0,15.2,10.8,True,99.0,125.0,104.5,119.6,2024-12-01,Brooklyn Nets,Orlando Magic,Orlando Magic,Orlando Magic,8.0,16.7,8.7,True,92.0,100.0,99.8,116.6
2024-11-24,Cleveland Cavaliers,Toronto Raptors,Cleveland Cavaliers,Cleveland Cavaliers,14.0,12.5,1.5,True,122.0,108.0,121.4,109.0,2024-12-02,Chicago Bulls,Brooklyn Nets,Chicago Bulls,Brooklyn Nets,26.0,6.0,20.0,False,128.0,102.0,124.8,130.8
2024-11-24,Sacramento Kings,Brooklyn Nets,Brooklyn Nets,Brooklyn Nets,5.0,3.2,1.7999999999999998,True,103.0,108.0,109.6,112.8,2024-12-02,Minnesota Timberwolves,Los Angeles Lakers,Minnesota Timberwolves,Minnesota Timberwolves,29.0,3.6,25.4,True,109.0,80.0,103.0,99.4
2024-11-25,Sacramento Kings,Oklahoma City Thunder,Oklahoma City Thunder,Oklahoma City Thunder,21.0,16.5,4.5,True,109.0,130.0,108.5,125.0,2024-12-02,Boston Celtics,Miami Heat,Boston Celtics,Boston Celtics,19.0,9.5,9.5,True,108.0,89.0,113.6,104.1
2024-11-25,Golden State Warriors,Brooklyn Nets,Brooklyn Nets,Golden State Warriors,8.0,1.1,6.9,False,120.0,128.0,118.4,117.3,2024-12-02,Atlanta Hawks,New Orleans Pelicans,Atlanta Hawks,Atlanta Hawks,12.0,11.0,1.0,True,124.0,112.0,118.9,107.9
2024-11-25,Denver Nuggets,New York Knicks,New York Knicks,New York Knicks,27.0,12.4,14.6,True,118.0,145.0,121.3,133.8,2024-12-03,Sacramento Kings,Houston Rockets,Sacramento Kings,Houston Rockets,9.0,4.3,4.7,False,120.0,111.0,106.6,110.9
2024-11-25,Memphis Grizzlies,Portland Trail Blazers,Memphis Grizzlies,Memphis Grizzlies,25.0,14.8,10.2,True,123.0,98.0,119.2,104.4,2024-12-03,Los Angeles Clippers,Portland Trail Blazers,Los Angeles Clippers,Los Angeles Clippers,22.0,11.0,11.0,True,127.0,105.0,112.5,101.4
2024-11-25,Charlotte Hornets,Orlando Magic,Orlando Magic,Orlando Magic,11.0,4.9,6.1,True,84.0,95.0,95.3,100.2,2024-12-03,Denver Nuggets,Golden State Warriors,Denver Nuggets,Golden State Warriors,4.0,7.4,3.4000000000000004,False,119.0,115.0,112.9,120.3
2024-11-25,Atlanta Hawks,Dallas Mavericks,Dallas Mavericks,Dallas Mavericks,10.0,8.4,1.5999999999999996,True,119.0,129.0,121.7,130.1,2024-12-03,Dallas Mavericks,Memphis Grizzlies,Dallas Mavericks,Dallas Mavericks,5.0,5.1,0.09999999999999964,True,121.0,116.0,125.7,120.6
2024-11-25,Indiana Pacers,New Orleans Pelicans,Indiana Pacers,Indiana Pacers,4.0,11.9,7.9,True,114.0,110.0,120.1,108.3,2024-12-03,Oklahoma City Thunder,Utah Jazz,Oklahoma City Thunder,Oklahoma City Thunder,27.0,10.6,16.4,True,133.0,106.0,121.4,110.8
2024-11-25,Detroit Pistons,Toronto Raptors,Detroit Pistons,Detroit Pistons,2.0,0.8,1.2,True,102.0,100.0,106.3,105.4,2024-12-03,Phoenix Suns,San Antonio Spurs,Phoenix Suns,Phoenix Suns,11.0,4.2,6.8,True,104.0,93.0,121.1,116.9
2024-11-25,Boston Celtics,Los Angeles Clippers,Boston Celtics,Boston Celtics,32.0,15.8,16.2,True,126.0,94.0,119.5,103.7,2024-12-03,New York Knicks,Orlando Magic,New York Knicks,New York Knicks,15.0,5.3,9.7,True,121.0,106.0,110.1,104.8
2024-11-26,Phoenix Suns,Los Angeles Lakers,Phoenix Suns,Phoenix Suns,27.0,8.7,18.3,True,127.0,100.0,120.2,111.5,2024-12-03,Detroit Pistons,Milwaukee Bucks,Milwaukee Bucks,Milwaukee Bucks,21.0,8.0,13.0,True,107.0,128.0,107.4,115.4
2024-11-26,Utah Jazz,San Antonio Spurs,San Antonio Spurs,San Antonio Spurs,13.0,7.6,5.4,True,115.0,128.0,114.4,122.0,2024-12-03,Cleveland Cavaliers,Washington Wizards,Cleveland Cavaliers,Cleveland Cavaliers,31.0,17.1,13.899999999999999,True,118.0,87.0,128.9,111.8
2024-11-26,Minnesota Timberwolves,Houston Rockets,Houston Rockets,Houston Rockets,6.0,5.2,0.7999999999999998,True,111.0,117.0,110.0,115.1,2024-12-03,Charlotte Hornets,Philadelphia 76ers,Philadelphia 76ers,Charlotte Hornets,6.0,0.3,5.7,False,104.0,110.0,98.3,98.0
2024-11-26,Miami Heat,Milwaukee Bucks,Milwaukee Bucks,Miami Heat,3.0,5.2,2.2,False,103.0,106.0,107.7,102.5,2024-12-03,Toronto Raptors,Indiana Pacers,Toronto Raptors,Toronto Raptors,11.0,8.1,2.9000000000000004,True,122.0,111.0,123.7,115.6
2024-11-26,Washington Wizards,Chicago Bulls,Chicago Bulls,Chicago Bulls,19.0,13.1,5.9,True,108.0,127.0,112.1,125.3,2024-12-04,Milwaukee Bucks,Atlanta Hawks,Atlanta Hawks,Milwaukee Bucks,15.0,7.5,7.5,False,104.0,119.0,118.7,111.3
2024-11-27,Golden State Warriors,Oklahoma City Thunder,Oklahoma City Thunder,Oklahoma City Thunder,4.0,3.2,0.7999999999999998,True,101.0,105.0,104.0,107.2,2024-12-04,Boston Celtics,Detroit Pistons,Boston Celtics,Boston Celtics,10.0,13.5,3.5,True,130.0,120.0,121.2,107.7
2024-11-27,Utah Jazz,Denver Nuggets,Denver Nuggets,Denver Nuggets,19.0,13.2,5.800000000000001,True,103.0,122.0,103.9,117.1,2024-12-04,Brooklyn Nets,Indiana Pacers,Brooklyn Nets,Indiana Pacers,9.0,6.7,2.3,False,99.0,90.0,104.6,111.3
2024-11-27,Phoenix Suns,Brooklyn Nets,Brooklyn Nets,Brooklyn Nets,10.0,0.0,10.0,True,117.0,127.0,120.3,120.4,2024-12-04,Miami Heat,Los Angeles Lakers,Miami Heat,Miami Heat,41.0,13.5,27.5,True,134.0,93.0,118.1,104.5
2024-11-27,San Antonio Spurs,Los Angeles Lakers,Los Angeles Lakers,Los Angeles Lakers,18.0,3.1,14.9,True,101.0,119.0,113.6,116.7,2024-12-04,Philadelphia 76ers,Orlando Magic,Orlando Magic,Orlando Magic,4.0,9.7,5.699999999999999,True,102.0,106.0,99.7,109.4
2024-11-27,New Orleans Pelicans,Toronto Raptors,Toronto Raptors,Toronto Raptors,26.0,12.7,13.3,True,93.0,119.0,100.5,113.1,2024-12-04,Los Angeles Clippers,Minnesota Timberwolves,Minnesota Timberwolves,Los Angeles Clippers,28.0,2.9,25.1,False,80.0,108.0,98.9,96.0
2024-11-27,Minnesota Timberwolves,Sacramento Kings,Sacramento Kings,Sacramento Kings,11.0,3.8,7.2,True,104.0,115.0,107.5,111.3,2024-12-05,Golden State Warriors,Houston Rockets,Golden State Warriors,Golden State Warriors,6.0,3.3,2.7,True,99.0,93.0,109.1,105.9
2024-11-27,Memphis Grizzlies,Detroit Pistons,Memphis Grizzlies,Memphis Grizzlies,20.0,10.2,9.8,True,131.0,111.0,120.9,110.7,2024-12-05,San Antonio Spurs,Chicago Bulls,Chicago Bulls,San Antonio Spurs,15.0,2.2,12.8,False,124.0,139.0,124.7,122.5
2024-11-27,Washington Wizards,Los Angeles Clippers,Los Angeles Clippers,Los Angeles Clippers,25.0,21.2,3.8000000000000007,True,96.0,121.0,105.0,126.2,2024-12-05,Memphis Grizzlies,Sacramento Kings,Memphis Grizzlies,Memphis Grizzlies,5.0,11.3,6.300000000000001,True,115.0,110.0,121.8,110.5
2024-11-27,Philadelphia 76ers,Houston Rockets,Houston Rockets,Houston Rockets,7.0,11.7,4.699999999999999,True,115.0,122.0,108.4,120.1,2024-12-05,New Orleans Pelicans,Phoenix Suns,New Orleans Pelicans,Phoenix Suns,2.0,2.3,0.2999999999999998,False,126.0,124.0,106.5,108.7
2024-11-27,Orlando Magic,Chicago Bulls,Orlando Magic,Orlando Magic,14.0,8.8,5.199999999999999,True,133.0,119.0,127.0,118.2,2024-12-05,New York Knicks,Charlotte Hornets,New York Knicks,New York Knicks,24.0,17.9,6.100000000000001,True,125.0,101.0,129.3,111.5
2024-11-27,Indiana Pacers,Portland Trail Blazers,Indiana Pacers,Indiana Pacers,7.0,9.1,2.0999999999999996,True,121.0,114.0,118.7,109.6,2024-12-05,Cleveland Cavaliers,Denver Nuggets,Cleveland Cavaliers,Cleveland Cavaliers,12.0,8.6,3.4000000000000004,True,126.0,114.0,129.2,120.5
2024-11-27,Cleveland Cavaliers,Atlanta Hawks,Atlanta Hawks,Atlanta Hawks,11.0,0.8,10.2,True,124.0,135.0,119.3,120.1,2024-12-05,Toronto Raptors,Oklahoma City Thunder,Oklahoma City Thunder,Oklahoma City Thunder,37.0,4.6,32.4,True,92.0,129.0,109.6,114.2
2024-11-27,Charlotte Hornets,Miami Heat,Miami Heat,Miami Heat,4.0,3.0,1.0,True,94.0,98.0,100.9,104.0,2024-12-05,Washington Wizards,Dallas Mavericks,Dallas Mavericks,Dallas Mavericks,36.0,15.8,20.2,True,101.0,137.0,103.6,119.4
2024-11-27,Dallas Mavericks,New York Knicks,Dallas Mavericks,Dallas Mavericks,15.0,7.4,7.6,True,129.0,114.0,124.8,117.4,2024-12-06,Philadelphia 76ers,Orlando Magic,Philadelphia 76ers,Orlando Magic,8.0,4.9,3.0999999999999996,False,102.0,94.0,100.5,105.4
2024-11-29,Indiana Pacers,Detroit Pistons,Detroit Pistons,Detroit Pistons,24.0,11.9,12.1,True,106.0,130.0,109.7,121.6,2024-12-06,Atlanta Hawks,Los Angeles Lakers,Atlanta Hawks,Atlanta Hawks,2.0,2.9,0.8999999999999999,True,134.0,132.0,116.7,113.9
2024-11-29,Los Angeles Lakers,Oklahoma City Thunder,Oklahoma City Thunder,Oklahoma City Thunder,8.0,14.8,6.800000000000001,True,93.0,101.0,100.3,115.0,2024-12-06,Boston Celtics,Milwaukee Bucks,Boston Celtics,Boston Celtics,6.0,14.0,8.0,True,111.0,105.0,120.6,106.6
2024-11-29,Miami Heat,Toronto Raptors,Miami Heat,Miami Heat,10.0,8.2,1.8000000000000007,True,121.0,111.0,113.8,105.7,2024-12-06,Chicago Bulls,Indiana Pacers,Indiana Pacers,Chicago Bulls,9.0,4.5,4.5,False,123.0,132.0,128.5,124.0
2024-11-29,Chicago Bulls,Boston Celtics,Boston Celtics,Boston Celtics,9.0,10.5,1.5,True,129.0,138.0,122.6,133.1,2024-12-06,San Antonio Spurs,Sacramento Kings,Sacramento Kings,Sacramento Kings,27.0,7.9,19.1,True,113.0,140.0,113.9,121.8
2024-11-29,Portland Trail Blazers,Sacramento Kings,Portland Trail Blazers,Sacramento Kings,9.0,2.8,6.2,False,115.0,106.0,110.7,113.5,2024-12-06,Golden State Warriors,Minnesota Timberwolves,Minnesota Timberwolves,Golden State Warriors,17.0,1.0,16.0,False,90.0,107.0,99.6,98.6
2024-11-29,Brooklyn Nets,Orlando Magic,Orlando Magic,Orlando Magic,23.0,11.5,11.5,True,100.0,123.0,98.9,110.4,2024-12-06,Portland Trail Blazers,Utah Jazz,Utah Jazz,Utah Jazz,42.0,3.1,38.9,True,99.0,141.0,108.9,112.0
2024-11-29,Charlotte Hornets,New York Knicks,New York Knicks,New York Knicks,1.0,2.4,1.4,True,98.0,99.0,102.7,105.2,2024-12-07,Washington Wizards,Denver Nuggets,Washington Wizards,Denver Nuggets,9.0,17.3,8.3,False,122.0,113.0,100.2,117.5
2024-11-29,Minnesota Timberwolves,Los Angeles Clippers,Minnesota Timberwolves,Los Angeles Clippers,1.0,2.8,1.7999999999999998,False,93.0,92.0,98.0,100.8,2024-12-07,Miami Heat,Phoenix Suns,Miami Heat,Miami Heat,10.0,8.0,2.0,True,121.0,111.0,123.0,115.0
2024-11-29,Memphis Grizzlies,New Orleans Pelicans,Memphis Grizzlies,Memphis Grizzlies,11.0,18.3,7.300000000000001,True,120.0,109.0,123.9,105.6,2024-12-07,Boston Celtics,Memphis Grizzlies,Memphis Grizzlies,Boston Celtics,6.0,8.5,2.5,False,121.0,127.0,124.3,115.8
2024-11-29,Atlanta Hawks,Cleveland Cavaliers,Atlanta Hawks,Cleveland Cavaliers,16.0,3.9,12.1,False,117.0,101.0,115.9,119.9,2024-12-07,Toronto Raptors,Dallas Mavericks,Dallas Mavericks,Dallas Mavericks,7.0,2.7,4.3,True,118.0,125.0,118.5,121.2
2024-11-30,Charlotte Hornets,Atlanta Hawks,Atlanta Hawks,Atlanta Hawks,3.0,3.8,0.7999999999999998,True,104.0,107.0,104.7,108.5,2024-12-07,Charlotte Hornets,Cleveland Cavaliers,Cleveland Cavaliers,Cleveland Cavaliers,14.0,1.5,12.5,True,102.0,116.0,100.8,102.3
2024-11-30,Detroit Pistons,Philadelphia 76ers,Philadelphia 76ers,Philadelphia 76ers,15.0,9.5,5.5,True,96.0,111.0,101.7,111.2,2024-12-07,New Orleans Pelicans,Oklahoma City Thunder,Oklahoma City Thunder,Oklahoma City Thunder,10.0,15.7,5.699999999999999,True,109.0,119.0,100.6,116.3
2024-11-30,Milwaukee Bucks,Washington Wizards,Milwaukee Bucks,Milwaukee Bucks,10.0,14.1,4.1,True,124.0,114.0,124.9,110.8,2024-12-07,New York Knicks,Detroit Pistons,Detroit Pistons,New York Knicks,9.0,12.8,3.8000000000000007,False,111.0,120.0,129.2,116.4
2024-11-30,Phoenix Suns,Golden State Warriors,Phoenix Suns,Phoenix Suns,8.0,8.2,0.1999999999999993,True,113.0,105.0,111.4,103.1,2024-12-08,San Antonio Spurs,New Orleans Pelicans,San Antonio Spurs,San Antonio Spurs,5.0,10.3,5.300000000000001,True,121.0,116.0,123.0,112.7
2024-11-30,Utah Jazz,Dallas Mavericks,Dallas Mavericks,Dallas Mavericks,12.0,11.1,0.9000000000000004,True,94.0,106.0,103.4,114.5,2024-12-08,Sacramento Kings,Utah Jazz,Sacramento Kings,Sacramento Kings,44.0,8.3,35.7,True,141.0,97.0,122.7,114.4
2024-12-01,Los Angeles Clippers,Denver Nuggets,Los Angeles Clippers,Denver Nuggets,4.0,2.8,1.2000000000000002,False,126.0,122.0,116.5,119.3,2024-12-08,Los Angeles Clippers,Houston Rockets,Houston Rockets,Los Angeles Clippers,11.0,3.3,7.7,False,106.0,117.0,109.7,106.3
2024-12-01,Sacramento Kings,San Antonio Spurs,San Antonio Spurs,San Antonio Spurs,2.0,3.3,1.2999999999999998,True,125.0,127.0,120.9,124.2,2024-12-08,Golden State Warriors,Minnesota Timberwolves,Golden State Warriors,Golden State Warriors,8.0,1.2,6.8,True,114.0,106.0,100.8,99.6
2024-12-01,Portland Trail Blazers,Dallas Mavericks,Dallas Mavericks,Dallas Mavericks,6.0,8.6,2.5999999999999996,True,131.0,137.0,120.6,129.2,2024-12-08,Washington Wizards,Memphis Grizzlies,Memphis Grizzlies,Memphis Grizzlies,28.0,20.7,7.300000000000001,True,112.0,140.0,100.7,121.5
2024-12-01,Utah Jazz,Los Angeles Lakers,Los Angeles Lakers,Los Angeles Lakers,1.0,4.3,3.3,True,104.0,105.0,105.1,109.4,2024-12-08,Los Angeles Lakers,Portland Trail Blazers,Los Angeles Lakers,Los Angeles Lakers,9.0,6.0,3.0,True,107.0,98.0,115.4,109.4
2024-12-01,Houston Rockets,Oklahoma City Thunder,Houston Rockets,Houston Rockets,3.0,1.6,1.4,True,119.0,116.0,113.6,112.0,2024-12-08,Orlando Magic,Phoenix Suns,Orlando Magic,Orlando Magic,5.0,7.8,2.8,True,115.0,110.0,121.7,113.9
2024-12-01,Cleveland Cavaliers,Boston Celtics,Cleveland Cavaliers,Cleveland Cavaliers,4.0,2.7,1.2999999999999998,True,115.0,111.0,119.0,116.3,2024-12-08,Atlanta Hawks,Denver Nuggets,Denver Nuggets,Denver Nuggets,30.0,5.9,24.1,True,111.0,141.0,113.9,119.9
2024-12-01,New York Knicks,New Orleans Pelicans,New York Knicks,New York Knicks,33.0,23.0,10.0,True,118.0,85.0,121.3,98.4,2024-12-08,Indiana Pacers,Charlotte Hornets,Charlotte Hornets,Indiana Pacers,4.0,3.7,0.2999999999999998,False,109.0,113.0,119.0,115.3
2024-12-01,Memphis Grizzlies,Indiana Pacers,Memphis Grizzlies,Memphis Grizzlies,15.0,10.2,4.800000000000001,True,136.0,121.0,130.3,120.0,2024-12-08,Brooklyn Nets,Milwaukee Bucks,Milwaukee Bucks,Milwaukee Bucks,5.0,9.9,4.9,True,113.0,118.0,107.3,117.2
2024-12-01,Toronto Raptors,Miami Heat,Toronto Raptors,Toronto Raptors,3.0,1.8,1.2,True,119.0,116.0,116.2,114.4,2024-12-08,Chicago Bulls,Philadelphia 76ers,Philadelphia 76ers,Philadelphia 76ers,8.0,6.5,1.5,True,100.0,108.0,115.2,121.8
2024-12-01,Brooklyn Nets,Orlando Magic,Orlando Magic,Orlando Magic,8.0,9.6,1.5999999999999996,True,92.0,100.0,97.9,107.5,2024-12-08,Miami Heat,Cleveland Cavaliers,Miami Heat,Miami Heat,9.0,4.1,4.9,True,122.0,113.0,122.9,118.8
2024-12-02,Chicago Bulls,Brooklyn Nets,Chicago Bulls,Chicago Bulls,26.0,7.6,18.4,True,128.0,102.0,122.4,114.7,2024-12-09,Toronto Raptors,New York Knicks,New York Knicks,Toronto Raptors,5.0,0.1,4.9,False,108.0,113.0,119.3,119.2
2024-12-02,Minnesota Timberwolves,Los Angeles Lakers,Minnesota Timberwolves,Minnesota Timberwolves,29.0,8.1,20.9,True,109.0,80.0,100.6,92.5,2024-12-10,Milwaukee Bucks,Orlando Magic,Milwaukee Bucks,Orlando Magic,5.0,0.2,4.8,False,114.0,109.0,105.5,105.8
2024-12-02,Boston Celtics,Miami Heat,Boston Celtics,Boston Celtics,19.0,13.6,5.4,True,108.0,89.0,109.1,95.5,2024-12-10,Oklahoma City Thunder,Dallas Mavericks,Oklahoma City Thunder,Oklahoma City Thunder,14.0,0.9,13.1,True,118.0,104.0,124.6,123.8
2024-12-02,Atlanta Hawks,New Orleans Pelicans,Atlanta Hawks,Atlanta Hawks,12.0,9.5,2.5,True,124.0,112.0,121.9,112.4,2024-12-11,New York Knicks,Atlanta Hawks,Atlanta Hawks,New York Knicks,8.0,6.2,1.7999999999999998,False,100.0,108.0,124.6,118.4
2024-12-03,Sacramento Kings,Houston Rockets,Sacramento Kings,Sacramento Kings,9.0,3.1,5.9,True,120.0,111.0,115.8,112.7,2024-12-11,Houston Rockets,Golden State Warriors,Houston Rockets,Houston Rockets,1.0,6.3,5.3,True,91.0,90.0,108.4,102.2
2024-12-03,Los Angeles Clippers,Portland Trail Blazers,Los Angeles Clippers,Los Angeles Clippers,22.0,14.7,7.300000000000001,True,127.0,105.0,119.9,105.2,2024-12-12,New Orleans Pelicans,Sacramento Kings,Sacramento Kings,Sacramento Kings,2.0,8.3,6.300000000000001,True,109.0,111.0,105.0,113.3
2024-12-03,Denver Nuggets,Golden State Warriors,Denver Nuggets,Denver Nuggets,4.0,1.6,2.4,True,119.0,115.0,118.3,116.7,2024-12-12,Miami Heat,Toronto Raptors,Miami Heat,Miami Heat,10.0,11.2,1.1999999999999993,True,114.0,104.0,115.1,103.9
2024-12-03,Dallas Mavericks,Memphis Grizzlies,Dallas Mavericks,Dallas Mavericks,5.0,1.2,3.8,True,121.0,116.0,120.6,119.3,2024-12-12,Boston Celtics,Detroit Pistons,Boston Celtics,Boston Celtics,24.0,13.9,10.1,True,123.0,99.0,122.5,108.7
2024-12-03,Oklahoma City Thunder,Utah Jazz,Oklahoma City Thunder,Oklahoma City Thunder,27.0,15.7,11.3,True,133.0,106.0,127.2,111.5,2024-12-13,Cleveland Cavaliers,Washington Wizards,Cleveland Cavaliers,Cleveland Cavaliers,10.0,17.5,7.5,True,115.0,105.0,129.2,111.7
2024-12-03,Phoenix Suns,San Antonio Spurs,Phoenix Suns,Phoenix Suns,11.0,8.3,2.6999999999999993,True,104.0,93.0,107.2,98.9,2024-12-13,Philadelphia 76ers,Indiana Pacers,Indiana Pacers,Indiana Pacers,14.0,3.6,10.4,True,107.0,121.0,103.1,106.7
2024-12-03,New York Knicks,Orlando Magic,New York Knicks,New York Knicks,15.0,10.6,4.4,True,121.0,106.0,117.9,107.3,2024-12-13,Chicago Bulls,Charlotte Hornets,Chicago Bulls,Chicago Bulls,14.0,6.1,7.9,True,109.0,95.0,127.3,121.3
2024-12-03,Detroit Pistons,Milwaukee Bucks,Milwaukee Bucks,Milwaukee Bucks,21.0,12.8,8.2,True,107.0,128.0,111.7,124.6,2024-12-13,Memphis Grizzlies,Brooklyn Nets,Memphis Grizzlies,Memphis Grizzlies,16.0,6.2,9.8,True,135.0,119.0,124.4,118.2
2024-12-03,Cleveland Cavaliers,Washington Wizards,Cleveland Cavaliers,Cleveland Cavaliers,31.0,20.5,10.5,True,118.0,87.0,122.0,101.5,2024-12-13,Minnesota Timberwolves,Los Angeles Lakers,Minnesota Timberwolves,Minnesota Timberwolves,10.0,6.5,3.5,True,97.0,87.0,103.8,97.3
2024-12-03,Charlotte Hornets,Philadelphia 76ers,Philadelphia 76ers,Philadelphia 76ers,6.0,3.0,3.0,True,104.0,110.0,99.6,102.6,2024-12-13,Denver Nuggets,Los Angeles Clippers,Denver Nuggets,Los Angeles Clippers,22.0,3.1,18.9,False,120.0,98.0,115.0,118.1
2024-12-03,Toronto Raptors,Indiana Pacers,Toronto Raptors,Toronto Raptors,11.0,8.0,3.0,True,122.0,111.0,124.2,116.3,2024-12-13,Utah Jazz,Phoenix Suns,Phoenix Suns,Phoenix Suns,8.0,6.6,1.4000000000000004,True,126.0,134.0,111.6,118.3
2024-12-04,Milwaukee Bucks,Atlanta Hawks,Atlanta Hawks,Atlanta Hawks,15.0,4.2,10.8,True,104.0,119.0,107.3,111.5,2024-12-13,Portland Trail Blazers,San Antonio Spurs,San Antonio Spurs,San Antonio Spurs,2.0,6.3,4.3,True,116.0,118.0,109.5,115.9
2024-12-04,Boston Celtics,Detroit Pistons,Boston Celtics,Boston Celtics,10.0,14.4,4.4,True,130.0,120.0,120.3,105.9,2024-12-14,Milwaukee Bucks,Atlanta Hawks,Milwaukee Bucks,Milwaukee Bucks,8.0,7.9,0.09999999999999964,True,110.0,102.0,113.6,105.7
2024-12-04,Brooklyn Nets,Indiana Pacers,Brooklyn Nets,Brooklyn Nets,9.0,2.7,6.3,True,99.0,90.0,103.3,100.7,2024-12-14,Oklahoma City Thunder,Houston Rockets,Oklahoma City Thunder,Oklahoma City Thunder,15.0,3.1,11.9,True,111.0,96.0,114.3,111.2
