Date,Away,PredictedAwayPoints,Home,PredictedHomePoints,PredictedWinner,PredictedSpread
2024-11-29,New York Knicks,117.2,Charlotte Hornets,116.5,New York Knicks,0.7
2024-11-29,Cleveland Cavaliers,124.1,Atlanta Hawks,115.1,Cleveland Cavaliers,9.0
2024-11-29,New Orleans Pelicans,106.3,Memphis Grizzlies,122.8,Memphis Grizzlies,16.6
2024-11-29,Orlando Magic,117.6,Brooklyn Nets,100.4,Orlando Magic,17.1
2024-11-29,Los Angeles Clippers,116.7,Minnesota Timberwolves,115.0,Los Angeles Clippers,1.7
2024-11-29,Boston Celtics,120.0,Chicago Bulls,118.1,Boston Celtics,1.9
2024-11-29,Detroit Pistons,115.8,Indiana Pacers,121.2,Indiana Pacers,5.4
2024-11-29,Toronto Raptors,101.1,Miami Heat,105.2,Miami Heat,4.1
2024-11-29,Oklahoma City Thunder,120.9,Los Angeles Lakers,101.7,Oklahoma City Thunder,19.2
2024-11-29,Sacramento Kings,111.7,Portland Trail Blazers,101.1,Sacramento Kings,10.6
2024-11-30,Dallas Mavericks,120.0,Utah Jazz,102.4,Dallas Mavericks,17.5
2024-11-30,Golden State Warriors,102.3,Phoenix Suns,103.5,Phoenix Suns,1.3
2024-11-30,Washington Wizards,108.4,Milwaukee Bucks,108.0,Washington Wizards,0.4
2024-11-30,Philadelphia 76ers,103.1,Detroit Pistons,110.0,Detroit Pistons,6.9
2024-11-30,Atlanta Hawks,110.3,Charlotte Hornets,113.2,Charlotte Hornets,2.9
2024-12-01,Orlando Magic,117.6,Brooklyn Nets,100.4,Orlando Magic,17.1
2024-12-01,Indiana Pacers,117.7,Memphis Grizzlies,120.7,Memphis Grizzlies,2.9
2024-12-01,Boston Celtics,124.3,Cleveland Cavaliers,125.7,Cleveland Cavaliers,1.5
2024-12-01,New Orleans Pelicans,112.3,New York Knicks,119.1,New York Knicks,6.7
2024-12-01,Miami Heat,111.5,Toronto Raptors,105.6,Miami Heat,5.9
2024-12-01,Oklahoma City Thunder,104.8,Houston Rockets,99.6,Oklahoma City Thunder,5.2
2024-12-01,Los Angeles Lakers,114.1,Utah Jazz,109.0,Los Angeles Lakers,5.2
2024-12-01,Dallas Mavericks,116.5,Portland Trail Blazers,100.1,Dallas Mavericks,16.4
2024-12-01,San Antonio Spurs,116.2,Sacramento Kings,109.9,San Antonio Spurs,6.3
2024-12-01,Denver Nuggets,116.1,Los Angeles Clippers,108.2,Denver Nuggets,8.0
2024-12-02,Brooklyn Nets,123.8,Chicago Bulls,118.7,Brooklyn Nets,5.2
2024-12-02,Los Angeles Lakers,112.3,Minnesota Timberwolves,112.5,Minnesota Timberwolves,0.2
2024-12-02,New Orleans Pelicans,117.9,Atlanta Hawks,118.3,Atlanta Hawks,0.4
2024-12-02,Miami Heat,105.6,Boston Celtics,109.2,Boston Celtics,3.6
2024-12-03,Philadelphia 76ers,101.4,Charlotte Hornets,104.5,Charlotte Hornets,3.1
2024-12-03,Washington Wizards,110.5,Cleveland Cavaliers,125.9,Cleveland Cavaliers,15.4
2024-12-03,Milwaukee Bucks,108.0,Detroit Pistons,109.9,Detroit Pistons,1.9
2024-12-03,Orlando Magic,121.5,New York Knicks,106.6,Orlando Magic,14.9
2024-12-03,Indiana Pacers,118.3,Toronto Raptors,109.3,Indiana Pacers,9.0
2024-12-03,Utah Jazz,107.1,Oklahoma City Thunder,122.5,Oklahoma City Thunder,15.4
2024-12-03,Memphis Grizzlies,116.2,Dallas Mavericks,121.3,Dallas Mavericks,5.1
2024-12-03,San Antonio Spurs,122.2,Phoenix Suns,116.1,San Antonio Spurs,6.1
2024-12-03,Golden State Warriors,105.2,Denver Nuggets,106.0,Denver Nuggets,0.8
2024-12-03,Houston Rockets,110.0,Sacramento Kings,103.6,Houston Rockets,6.3
2024-12-03,Portland Trail Blazers,107.7,Los Angeles Clippers,116.4,Los Angeles Clippers,8.7
2024-12-04,Minnesota Timberwolves,110.9,Los Angeles Clippers,106.7,Minnesota Timberwolves,4.2
2024-12-04,Atlanta Hawks,115.2,Milwaukee Bucks,106.7,Atlanta Hawks,8.5
2024-12-04,Orlando Magic,115.4,Philadelphia 76ers,95.9,Orlando Magic,19.5
2024-12-04,Indiana Pacers,115.6,Brooklyn Nets,113.8,Indiana Pacers,1.7
2024-12-04,Detroit Pistons,107.2,Boston Celtics,117.7,Boston Celtics,10.5
2024-12-04,Los Angeles Lakers,106.3,Miami Heat,108.7,Miami Heat,2.4
2024-12-05,Denver Nuggets,120.1,Cleveland Cavaliers,128.2,Cleveland Cavaliers,8.0
2024-12-05,Dallas Mavericks,122.6,Washington Wizards,100.0,Dallas Mavericks,22.6
2024-12-05,Charlotte Hornets,114.3,New York Knicks,117.5,New York Knicks,3.1
2024-12-05,Oklahoma City Thunder,112.6,Toronto Raptors,102.0,Oklahoma City Thunder,10.6
2024-12-05,Sacramento Kings,106.8,Memphis Grizzlies,119.1,Memphis Grizzlies,12.3
2024-12-05,Phoenix Suns,113.2,New Orleans Pelicans,106.7,Phoenix Suns,6.5
2024-12-05,Chicago Bulls,121.9,San Antonio Spurs,123.7,San Antonio Spurs,1.8
2024-12-05,Houston Rockets,107.6,Golden State Warriors,110.9,Golden State Warriors,3.3
2024-12-06,Sacramento Kings,109.9,San Antonio Spurs,110.9,San Antonio Spurs,1.1
2024-12-06,Utah Jazz,110.7,Portland Trail Blazers,110.8,Portland Trail Blazers,0.2
2024-12-06,Indiana Pacers,125.0,Chicago Bulls,121.3,Indiana Pacers,3.6
2024-12-06,Minnesota Timberwolves,105.2,Golden State Warriors,104.2,Minnesota Timberwolves,0.9
2024-12-06,Los Angeles Lakers,114.4,Atlanta Hawks,111.6,Los Angeles Lakers,2.8
2024-12-06,Orlando Magic,115.4,Philadelphia 76ers,95.9,Orlando Magic,19.5
2024-12-06,Milwaukee Bucks,108.0,Boston Celtics,118.1,Boston Celtics,10.1
2024-12-07,Cleveland Cavaliers,113.7,Charlotte Hornets,109.0,Cleveland Cavaliers,4.7
2024-12-07,Oklahoma City Thunder,114.2,New Orleans Pelicans,102.9,Oklahoma City Thunder,11.4
2024-12-07,Denver Nuggets,123.8,Washington Wizards,103.6,Denver Nuggets,20.2
2024-12-07,Detroit Pistons,113.6,New York Knicks,119.4,New York Knicks,5.8
2024-12-07,Dallas Mavericks,116.9,Toronto Raptors,103.1,Dallas Mavericks,13.8
2024-12-07,Memphis Grizzlies,112.0,Boston Celtics,117.5,Boston Celtics,5.5
2024-12-07,Phoenix Suns,110.5,Miami Heat,111.2,Miami Heat,0.7
2024-12-08,Portland Trail Blazers,110.6,Los Angeles Lakers,104.5,Portland Trail Blazers,6.1
2024-12-08,Utah Jazz,109.7,Sacramento Kings,123.9,Sacramento Kings,14.1
2024-12-08,Houston Rockets,118.3,Los Angeles Clippers,110.4,Houston Rockets,8.0
2024-12-08,Minnesota Timberwolves,105.2,Golden State Warriors,104.2,Minnesota Timberwolves,0.9
2024-12-08,Memphis Grizzlies,124.6,Washington Wizards,100.6,Memphis Grizzlies,24.0
2024-12-08,New Orleans Pelicans,111.7,San Antonio Spurs,122.5,San Antonio Spurs,10.8
2024-12-08,Cleveland Cavaliers,114.2,Miami Heat,110.7,Cleveland Cavaliers,3.5
2024-12-08,Denver Nuggets,120.0,Atlanta Hawks,108.7,Denver Nuggets,11.4
2024-12-08,Charlotte Hornets,117.1,Indiana Pacers,118.4,Indiana Pacers,1.3
2024-12-08,Milwaukee Bucks,110.1,Brooklyn Nets,111.0,Brooklyn Nets,1.0
2024-12-08,Philadelphia 76ers,118.5,Chicago Bulls,118.8,Chicago Bulls,0.3
2024-12-08,Phoenix Suns,110.2,Orlando Magic,119.6,Orlando Magic,9.5
2024-12-09,New York Knicks,120.0,Toronto Raptors,115.7,New York Knicks,4.3
2024-12-19,Los Angeles Lakers,113.7,Sacramento Kings,111.9,Los Angeles Lakers,1.7
2024-12-19,Denver Nuggets,117.4,Portland Trail Blazers,102.5,Denver Nuggets,14.9
2024-12-19,New York Knicks,120.8,Minnesota Timberwolves,119.9,New York Knicks,0.9
2024-12-19,Indiana Pacers,126.1,Phoenix Suns,120.0,Indiana Pacers,6.1
2024-12-19,Los Angeles Clippers,109.4,Dallas Mavericks,119.6,Dallas Mavericks,10.2
2024-12-19,Golden State Warriors,101.5,Memphis Grizzlies,108.0,Memphis Grizzlies,6.5
2024-12-19,Atlanta Hawks,115.8,San Antonio Spurs,122.8,San Antonio Spurs,7.0
2024-12-19,Brooklyn Nets,108.3,Toronto Raptors,110.1,Toronto Raptors,1.8
2024-12-19,Chicago Bulls,110.7,Boston Celtics,119.7,Boston Celtics,9.0
2024-12-19,Charlotte Hornets,111.8,Washington Wizards,101.5,Charlotte Hornets,10.3
2024-12-19,Oklahoma City Thunder,105.9,Orlando Magic,106.4,Orlando Magic,0.6
2024-12-19,Utah Jazz,111.4,Detroit Pistons,123.3,Detroit Pistons,11.9
2024-12-19,New Orleans Pelicans,104.0,Houston Rockets,115.3,Houston Rockets,11.3
2024-12-20,Charlotte Hornets,105.8,Philadelphia 76ers,102.7,Charlotte Hornets,3.1
2024-12-20,Milwaukee Bucks,114.2,Cleveland Cavaliers,127.0,Cleveland Cavaliers,12.9
2024-12-20,Oklahoma City Thunder,107.6,Miami Heat,105.1,Oklahoma City Thunder,2.5
2024-12-21,Detroit Pistons,113.8,Phoenix Suns,117.4,Phoenix Suns,3.6
2024-12-21,Portland Trail Blazers,107.7,San Antonio Spurs,119.5,San Antonio Spurs,11.8
2024-12-21,Los Angeles Clippers,109.4,Dallas Mavericks,119.6,Dallas Mavericks,10.2
2024-12-21,New York Knicks,112.7,New Orleans Pelicans,114.0,New Orleans Pelicans,1.2
2024-12-21,Golden State Warriors,102.8,Minnesota Timberwolves,102.9,Minnesota Timberwolves,0.1
2024-12-21,Washington Wizards,108.4,Milwaukee Bucks,108.0,Washington Wizards,0.4
2024-12-21,Boston Celtics,120.0,Chicago Bulls,118.1,Boston Celtics,1.9
2024-12-21,Utah Jazz,114.6,Brooklyn Nets,121.5,Brooklyn Nets,6.9
2024-12-21,Memphis Grizzlies,126.6,Atlanta Hawks,112.7,Memphis Grizzlies,13.8
2024-12-21,Miami Heat,101.3,Orlando Magic,108.0,Orlando Magic,6.6
2024-12-21,Los Angeles Lakers,113.7,Sacramento Kings,111.9,Los Angeles Lakers,1.7
2024-12-21,Philadelphia 76ers,111.6,Cleveland Cavaliers,119.6,Cleveland Cavaliers,8.0
2024-12-22,Indiana Pacers,118.9,Sacramento Kings,112.9,Indiana Pacers,6.0
2024-12-22,Houston Rockets,115.2,Toronto Raptors,105.5,Houston Rockets,9.8
2024-12-22,Denver Nuggets,112.9,New Orleans Pelicans,102.2,Denver Nuggets,10.8
2024-12-23,Los Angeles Clippers,109.4,Memphis Grizzlies,118.3,Memphis Grizzlies,8.9
2024-12-23,Detroit Pistons,117.2,Los Angeles Lakers,106.2,Detroit Pistons,11.0
2024-12-23,Indiana Pacers,115.8,Golden State Warriors,115.3,Indiana Pacers,0.5
2024-12-23,Phoenix Suns,118.2,Denver Nuggets,119.0,Denver Nuggets,0.9
2024-12-23,Portland Trail Blazers,99.2,Dallas Mavericks,118.4,Dallas Mavericks,19.1
2024-12-23,Washington Wizards,98.4,Oklahoma City Thunder,112.7,Oklahoma City Thunder,14.3
2024-12-23,Milwaukee Bucks,116.0,Chicago Bulls,121.3,Chicago Bulls,5.3
2024-12-23,Houston Rockets,113.3,Charlotte Hornets,109.5,Houston Rockets,3.9
2024-12-23,Brooklyn Nets,106.1,Miami Heat,110.4,Miami Heat,4.3
2024-12-23,Utah Jazz,114.2,Cleveland Cavaliers,128.8,Cleveland Cavaliers,14.5
2024-12-23,Boston Celtics,110.1,Orlando Magic,116.8,Orlando Magic,6.7
2024-12-23,Toronto Raptors,107.5,New York Knicks,113.8,New York Knicks,6.3
2024-12-23,Minnesota Timberwolves,114.2,Atlanta Hawks,107.1,Minnesota Timberwolves,7.1
2024-12-23,San Antonio Spurs,116.3,Philadelphia 76ers,104.0,San Antonio Spurs,12.2
2024-12-25,San Antonio Spurs,120.3,New York Knicks,116.7,San Antonio Spurs,3.6
2024-12-25,Minnesota Timberwolves,111.8,Dallas Mavericks,113.7,Dallas Mavericks,1.9
2024-12-25,Philadelphia 76ers,104.3,Boston Celtics,109.0,Boston Celtics,4.7
2024-12-25,Los Angeles Lakers,108.3,Golden State Warriors,113.4,Golden State Warriors,5.1
2024-12-25,Denver Nuggets,122.7,Phoenix Suns,117.8,Denver Nuggets,4.9
2024-12-26,Detroit Pistons,109.5,Sacramento Kings,108.8,Detroit Pistons,0.7
2024-12-26,Utah Jazz,110.7,Portland Trail Blazers,110.8,Portland Trail Blazers,0.2
2024-12-26,Houston Rockets,123.7,New Orleans Pelicans,108.8,Houston Rockets,14.9
2024-12-26,Brooklyn Nets,112.7,Milwaukee Bucks,108.0,Brooklyn Nets,4.7
2024-12-26,Charlotte Hornets,111.8,Washington Wizards,101.5,Charlotte Hornets,10.3
2024-12-26,Chicago Bulls,121.5,Atlanta Hawks,119.2,Chicago Bulls,2.3
2024-12-26,Miami Heat,101.3,Orlando Magic,108.0,Orlando Magic,6.6
2024-12-26,Oklahoma City Thunder,123.3,Indiana Pacers,114.3,Oklahoma City Thunder,9.0
2024-12-26,Toronto Raptors,103.0,Memphis Grizzlies,118.3,Memphis Grizzlies,15.3
2024-12-27,Cleveland Cavaliers,127.1,Denver Nuggets,118.9,Cleveland Cavaliers,8.2
2024-12-27,Golden State Warriors,105.5,Los Angeles Clippers,103.4,Golden State Warriors,2.0
2024-12-27,Memphis Grizzlies,122.0,New Orleans Pelicans,106.6,Memphis Grizzlies,15.4
2024-12-27,Dallas Mavericks,121.0,Phoenix Suns,110.4,Dallas Mavericks,10.6
2024-12-27,San Antonio Spurs,115.8,Brooklyn Nets,109.8,San Antonio Spurs,6.0
2024-12-27,Indiana Pacers,114.2,Boston Celtics,119.6,Boston Celtics,5.3
2024-12-27,Minnesota Timberwolves,104.6,Houston Rockets,101.9,Minnesota Timberwolves,2.6
2024-12-27,New York Knicks,119.0,Orlando Magic,122.9,Orlando Magic,3.9
2024-12-28,Sacramento Kings,116.9,Los Angeles Lakers,102.8,Sacramento Kings,14.1
2024-12-28,Dallas Mavericks,116.5,Portland Trail Blazers,100.1,Dallas Mavericks,16.4
2024-12-28,Philadelphia 76ers,112.4,Utah Jazz,109.6,Philadelphia 76ers,2.8
2024-12-28,Detroit Pistons,110.4,Denver Nuggets,116.3,Denver Nuggets,5.9
2024-12-28,Miami Heat,115.2,Atlanta Hawks,110.1,Miami Heat,5.2
2024-12-28,Milwaukee Bucks,116.0,Chicago Bulls,121.3,Chicago Bulls,5.3
2024-12-28,New York Knicks,123.8,Washington Wizards,113.7,New York Knicks,10.1
2024-12-28,Oklahoma City Thunder,104.0,Charlotte Hornets,101.8,Oklahoma City Thunder,2.2
2024-12-28,Phoenix Suns,110.2,Golden State Warriors,113.4,Golden State Warriors,3.2
2024-12-29,Memphis Grizzlies,111.2,Oklahoma City Thunder,111.3,Oklahoma City Thunder,0.1
2024-12-29,Miami Heat,104.1,Houston Rockets,104.3,Houston Rockets,0.3
2024-12-29,San Antonio Spurs,116.2,Minnesota Timberwolves,113.4,San Antonio Spurs,2.8
2024-12-29,Brooklyn Nets,106.7,Orlando Magic,114.5,Orlando Magic,7.8
2024-12-29,Atlanta Hawks,114.5,Toronto Raptors,108.8,Atlanta Hawks,5.7
2024-12-29,Indiana Pacers,114.2,Boston Celtics,119.6,Boston Celtics,5.3
2024-12-30,Chicago Bulls,112.6,Charlotte Hornets,113.6,Charlotte Hornets,1.1
2024-12-30,New York Knicks,123.8,Washington Wizards,113.7,New York Knicks,10.1
2024-12-30,Los Angeles Clippers,115.4,New Orleans Pelicans,104.4,Los Angeles Clippers,11.0
2024-12-30,Denver Nuggets,118.1,Utah Jazz,103.9,Denver Nuggets,14.2
2024-12-30,Cleveland Cavaliers,116.3,Golden State Warriors,113.5,Cleveland Cavaliers,2.9
2024-12-30,Philadelphia 76ers,101.6,Portland Trail Blazers,104.1,Portland Trail Blazers,2.5
2024-12-30,Dallas Mavericks,112.1,Sacramento Kings,103.5,Dallas Mavericks,8.6
2024-12-31,Minnesota Timberwolves,105.2,Oklahoma City Thunder,103.6,Minnesota Timberwolves,1.6
2024-12-31,Memphis Grizzlies,124.4,Phoenix Suns,115.9,Memphis Grizzlies,8.4
2024-12-31,Cleveland Cavaliers,126.7,Los Angeles Lakers,111.3,Cleveland Cavaliers,15.4
2024-12-31,Los Angeles Clippers,115.9,San Antonio Spurs,116.4,San Antonio Spurs,0.6
2024-12-31,Toronto Raptors,106.3,Boston Celtics,117.3,Boston Celtics,11.0
2024-12-31,Milwaukee Bucks,112.9,Indiana Pacers,118.7,Indiana Pacers,5.8
2025-01-01,Orlando Magic,107.9,Detroit Pistons,100.0,Orlando Magic,7.8
2025-01-01,Chicago Bulls,123.2,Washington Wizards,110.7,Chicago Bulls,12.6
2025-01-01,New Orleans Pelicans,109.6,Miami Heat,120.6,Miami Heat,10.9
2025-01-01,Utah Jazz,114.5,New York Knicks,123.2,New York Knicks,8.7
2025-01-01,Brooklyn Nets,108.3,Toronto Raptors,110.1,Toronto Raptors,1.8
2025-01-01,Dallas Mavericks,111.4,Houston Rockets,102.7,Dallas Mavericks,8.7
2025-01-01,Atlanta Hawks,111.4,Denver Nuggets,120.4,Denver Nuggets,9.0
2025-01-01,Philadelphia 76ers,105.1,Sacramento Kings,106.3,Sacramento Kings,1.2
2025-01-02,Portland Trail Blazers,110.6,Los Angeles Lakers,104.5,Portland Trail Blazers,6.1
2025-01-02,Los Angeles Clippers,109.0,Oklahoma City Thunder,113.4,Oklahoma City Thunder,4.4
2025-01-02,Philadelphia 76ers,98.6,Golden State Warriors,106.9,Golden State Warriors,8.2
2025-01-02,Boston Celtics,114.6,Minnesota Timberwolves,114.5,Boston Celtics,0.1
2025-01-02,Indiana Pacers,111.8,Miami Heat,111.6,Indiana Pacers,0.2
2025-01-02,Brooklyn Nets,112.7,Milwaukee Bucks,108.0,Brooklyn Nets,4.7
2025-01-03,Charlotte Hornets,107.5,Detroit Pistons,110.4,Detroit Pistons,2.9
2025-01-03,Orlando Magic,114.7,Toronto Raptors,100.2,Orlando Magic,14.6
2025-01-03,Boston Celtics,103.2,Houston Rockets,104.1,Houston Rockets,0.9
2025-01-03,Washington Wizards,107.5,New Orleans Pelicans,107.0,Washington Wizards,0.5
2025-01-03,New York Knicks,118.1,Oklahoma City Thunder,119.3,Oklahoma City Thunder,1.3
2025-01-03,Cleveland Cavaliers,124.5,Dallas Mavericks,123.2,Cleveland Cavaliers,1.3
2025-01-03,San Antonio Spurs,122.3,Denver Nuggets,118.7,San Antonio Spurs,3.6
2025-01-03,Memphis Grizzlies,116.0,Sacramento Kings,107.3,Memphis Grizzlies,8.7
2025-01-03,Atlanta Hawks,119.5,Los Angeles Lakers,113.0,Atlanta Hawks,6.5
2025-01-04,Denver Nuggets,118.6,San Antonio Spurs,114.6,Denver Nuggets,4.0
2025-01-04,Atlanta Hawks,113.4,Los Angeles Clippers,120.0,Los Angeles Clippers,6.7
2025-01-04,Memphis Grizzlies,116.1,Golden State Warriors,115.9,Memphis Grizzlies,0.1
2025-01-04,Portland Trail Blazers,105.6,Milwaukee Bucks,100.4,Portland Trail Blazers,5.3
2025-01-04,Philadelphia 76ers,107.1,Brooklyn Nets,107.7,Brooklyn Nets,0.6
2025-01-04,New York Knicks,127.0,Chicago Bulls,121.1,New York Knicks,5.9
2025-01-04,Phoenix Suns,122.6,Indiana Pacers,121.8,Phoenix Suns,0.8
2025-01-04,Minnesota Timberwolves,106.7,Detroit Pistons,102.9,Minnesota Timberwolves,3.8
2025-01-04,Utah Jazz,112.2,Miami Heat,123.3,Miami Heat,11.1
2025-01-05,Boston Celtics,109.0,Oklahoma City Thunder,110.7,Oklahoma City Thunder,1.7
2025-01-05,Charlotte Hornets,115.5,Cleveland Cavaliers,126.1,Cleveland Cavaliers,10.6
2025-01-05,New Orleans Pelicans,116.8,Washington Wizards,111.3,New Orleans Pelicans,5.5
2025-01-05,Utah Jazz,99.6,Orlando Magic,118.1,Orlando Magic,18.5
2025-01-05,Los Angeles Lakers,108.0,Houston Rockets,110.3,Houston Rockets,2.3
2025-01-05,Sacramento Kings,106.8,Golden State Warriors,110.5,Golden State Warriors,3.7
2025-01-06,Miami Heat,110.7,Sacramento Kings,107.5,Miami Heat,3.1
2025-01-06,Los Angeles Clippers,116.7,Minnesota Timberwolves,115.0,Los Angeles Clippers,1.7
2025-01-06,Dallas Mavericks,112.8,Memphis Grizzlies,112.5,Dallas Mavericks,0.2
2025-01-06,San Antonio Spurs,122.7,Chicago Bulls,118.9,San Antonio Spurs,3.9
2025-01-06,Portland Trail Blazers,105.4,Detroit Pistons,113.0,Detroit Pistons,7.6
2025-01-06,Orlando Magic,121.5,New York Knicks,106.6,Orlando Magic,14.9
2025-01-06,Indiana Pacers,115.6,Brooklyn Nets,113.8,Indiana Pacers,1.7
2025-01-06,Phoenix Suns,116.6,Philadelphia 76ers,106.2,Phoenix Suns,10.4
2025-01-06,Milwaukee Bucks,104.2,Toronto Raptors,105.6,Toronto Raptors,1.4
2025-01-07,Atlanta Hawks,123.8,Utah Jazz,112.1,Atlanta Hawks,11.7
2025-01-07,Miami Heat,105.0,Golden State Warriors,106.5,Golden State Warriors,1.6
2025-01-07,Minnesota Timberwolves,107.4,New Orleans Pelicans,102.6,Minnesota Timberwolves,4.8
2025-01-07,Boston Celtics,119.4,Denver Nuggets,117.0,Boston Celtics,2.4
2025-01-07,Houston Rockets,124.2,Washington Wizards,101.3,Houston Rockets,22.9
2025-01-07,Los Angeles Lakers,106.3,Dallas Mavericks,117.5,Dallas Mavericks,11.2
2025-01-07,Phoenix Suns,106.8,Charlotte Hornets,107.3,Charlotte Hornets,0.5
2025-01-08,Oklahoma City Thunder,121.3,Cleveland Cavaliers,124.0,Cleveland Cavaliers,2.8
2025-01-08,Chicago Bulls,123.7,Indiana Pacers,125.7,Indiana Pacers,2.0
2025-01-08,Toronto Raptors,107.5,New York Knicks,113.8,New York Knicks,6.3
2025-01-08,Washington Wizards,107.5,Philadelphia 76ers,106.0,Washington Wizards,1.5
2025-01-08,Detroit Pistons,117.8,Brooklyn Nets,113.5,Detroit Pistons,4.3
2025-01-08,Portland Trail Blazers,117.2,New Orleans Pelicans,108.3,Portland Trail Blazers,8.9
2025-01-08,Los Angeles Clippers,112.3,Denver Nuggets,113.9,Denver Nuggets,1.6
2025-01-08,San Antonio Spurs,117.5,Milwaukee Bucks,103.3,San Antonio Spurs,14.1
2025-01-09,Charlotte Hornets,111.3,Los Angeles Lakers,106.9,Charlotte Hornets,4.4
2025-01-09,Miami Heat,116.2,Utah Jazz,107.5,Miami Heat,8.7
2025-01-09,Atlanta Hawks,118.2,Phoenix Suns,124.6,Phoenix Suns,6.4
2025-01-09,Portland Trail Blazers,99.2,Dallas Mavericks,118.4,Dallas Mavericks,19.1
2025-01-09,Houston Rockets,107.4,Memphis Grizzlies,115.1,Memphis Grizzlies,7.7
2025-01-09,Minnesota Timberwolves,101.6,Orlando Magic,104.7,Orlando Magic,3.1
2025-01-09,Golden State Warriors,102.8,Detroit Pistons,102.0,Golden State Warriors,0.8
2025-01-09,Toronto Raptors,106.4,Cleveland Cavaliers,119.3,Cleveland Cavaliers,12.9
2025-01-10,Golden State Warriors,111.0,Indiana Pacers,109.9,Golden State Warriors,1.1
2025-01-10,Milwaukee Bucks,95.7,Orlando Magic,108.0,Orlando Magic,12.3
2025-01-10,New Orleans Pelicans,113.8,Philadelphia 76ers,113.2,New Orleans Pelicans,0.7
2025-01-10,Sacramento Kings,107.2,Boston Celtics,116.0,Boston Celtics,8.8
2025-01-10,Oklahoma City Thunder,118.9,New York Knicks,111.5,Oklahoma City Thunder,7.4
2025-01-10,Washington Wizards,114.0,Chicago Bulls,121.4,Chicago Bulls,7.4
2025-01-10,Brooklyn Nets,114.1,Denver Nuggets,115.6,Denver Nuggets,1.5
2025-01-11,San Antonio Spurs,123.5,Los Angeles Lakers,107.3,San Antonio Spurs,16.2
2025-01-11,Charlotte Hornets,110.4,Los Angeles Clippers,113.4,Los Angeles Clippers,3.0
2025-01-11,Miami Heat,108.7,Portland Trail Blazers,103.3,Miami Heat,5.4
2025-01-11,Memphis Grizzlies,121.9,Minnesota Timberwolves,115.6,Memphis Grizzlies,6.3
2025-01-11,Toronto Raptors,100.5,Detroit Pistons,104.7,Detroit Pistons,4.1
2025-01-11,Utah Jazz,116.1,Phoenix Suns,128.3,Phoenix Suns,12.3
2025-01-11,Houston Rockets,125.7,Atlanta Hawks,112.8,Houston Rockets,12.9
2025-01-12,Denver Nuggets,112.1,Dallas Mavericks,116.2,Dallas Mavericks,4.1
2025-01-12,Milwaukee Bucks,110.9,New York Knicks,118.2,New York Knicks,7.3
2025-01-12,Sacramento Kings,117.9,Chicago Bulls,115.6,Sacramento Kings,2.4
2025-01-12,New Orleans Pelicans,108.2,Boston Celtics,120.8,Boston Celtics,12.5
2025-01-12,Indiana Pacers,122.9,Cleveland Cavaliers,130.0,Cleveland Cavaliers,7.1
2025-01-12,Philadelphia 76ers,94.2,Orlando Magic,106.4,Orlando Magic,12.2
2025-01-12,Oklahoma City Thunder,117.2,Washington Wizards,95.6,Oklahoma City Thunder,21.7
2025-01-12,Brooklyn Nets,110.6,Utah Jazz,111.1,Utah Jazz,0.5
2025-01-12,Charlotte Hornets,109.9,Phoenix Suns,116.2,Phoenix Suns,6.3
2025-01-13,San Antonio Spurs,123.5,Los Angeles Lakers,107.3,San Antonio Spurs,16.2
2025-01-13,Miami Heat,112.4,Los Angeles Clippers,111.7,Miami Heat,0.7
2025-01-13,Memphis Grizzlies,115.5,Houston Rockets,106.3,Memphis Grizzlies,9.2
2025-01-13,Golden State Warriors,109.5,Toronto Raptors,100.9,Golden State Warriors,8.5
2025-01-13,Detroit Pistons,113.6,New York Knicks,119.4,New York Knicks,5.8
2025-01-13,Minnesota Timberwolves,117.1,Washington Wizards,99.7,Minnesota Timberwolves,17.4
2025-01-14,Cleveland Cavaliers,128.1,Indiana Pacers,120.8,Cleveland Cavaliers,7.3
2025-01-14,Oklahoma City Thunder,115.2,Philadelphia 76ers,99.0,Oklahoma City Thunder,16.2
2025-01-14,Phoenix Suns,120.4,Atlanta Hawks,114.4,Phoenix Suns,6.0
2025-01-14,New Orleans Pelicans,118.2,Chicago Bulls,127.1,Chicago Bulls,8.9
2025-01-14,Sacramento Kings,110.5,Milwaukee Bucks,100.9,Sacramento Kings,9.5
2025-01-14,Denver Nuggets,112.1,Dallas Mavericks,116.2,Dallas Mavericks,4.1
2025-01-14,Brooklyn Nets,102.4,Portland Trail Blazers,107.4,Portland Trail Blazers,5.0
2025-01-15,Brooklyn Nets,112.0,Los Angeles Clippers,114.3,Los Angeles Clippers,2.3
2025-01-15,Miami Heat,116.9,Los Angeles Lakers,105.5,Miami Heat,11.5
2025-01-15,Charlotte Hornets,117.2,Utah Jazz,108.7,Charlotte Hornets,8.5
2025-01-15,Houston Rockets,112.5,Denver Nuggets,110.1,Houston Rockets,2.4
2025-01-15,Memphis Grizzlies,120.8,San Antonio Spurs,116.1,Memphis Grizzlies,4.7
2025-01-15,Golden State Warriors,102.8,Minnesota Timberwolves,102.9,Minnesota Timberwolves,0.1
2025-01-15,Dallas Mavericks,117.6,New Orleans Pelicans,102.5,Dallas Mavericks,15.1
2025-01-15,Orlando Magic,116.2,Milwaukee Bucks,96.1,Orlando Magic,20.1
2025-01-15,Atlanta Hawks,120.8,Chicago Bulls,128.1,Chicago Bulls,7.3
2025-01-15,Boston Celtics,116.5,Toronto Raptors,110.3,Boston Celtics,6.2
2025-01-15,New York Knicks,115.0,Philadelphia 76ers,113.4,New York Knicks,1.6
2025-01-16,Indiana Pacers,115.5,Detroit Pistons,112.5,Indiana Pacers,3.0
2025-01-16,Phoenix Suns,121.5,Washington Wizards,103.6,Phoenix Suns,17.9
2025-01-16,Cleveland Cavaliers,114.0,Oklahoma City Thunder,112.2,Cleveland Cavaliers,1.8
2025-01-16,Los Angeles Clippers,116.9,Portland Trail Blazers,103.5,Los Angeles Clippers,13.4
2025-01-16,Houston Rockets,110.0,Sacramento Kings,103.6,Houston Rockets,6.3
2025-01-17,Brooklyn Nets,113.1,Los Angeles Lakers,110.7,Brooklyn Nets,2.4
2025-01-17,Charlotte Hornets,117.3,Chicago Bulls,121.4,Chicago Bulls,4.1
2025-01-17,Oklahoma City Thunder,109.0,Dallas Mavericks,112.7,Dallas Mavericks,3.7
2025-01-17,Memphis Grizzlies,120.8,San Antonio Spurs,116.1,Memphis Grizzlies,4.7
2025-01-17,Utah Jazz,119.1,New Orleans Pelicans,116.1,Utah Jazz,3.0
2025-01-17,Toronto Raptors,101.8,Milwaukee Bucks,97.4,Toronto Raptors,4.4
2025-01-17,Denver Nuggets,112.8,Miami Heat,108.2,Denver Nuggets,4.7
2025-01-17,Minnesota Timberwolves,117.5,New York Knicks,112.8,Minnesota Timberwolves,4.7
2025-01-17,Orlando Magic,109.7,Boston Celtics,103.4,Orlando Magic,6.2
2025-01-18,Phoenix Suns,111.1,Detroit Pistons,110.1,Phoenix Suns,1.0
2025-01-18,Atlanta Hawks,110.3,Boston Celtics,123.0,Boston Celtics,12.6
2025-01-18,Philadelphia 76ers,109.3,Indiana Pacers,113.4,Indiana Pacers,4.1
2025-01-18,Washington Wizards,100.9,Golden State Warriors,114.9,Golden State Warriors,14.1
2025-01-18,Cleveland Cavaliers,120.0,Minnesota Timberwolves,116.5,Cleveland Cavaliers,3.5
2025-01-18,Houston Rockets,120.2,Portland Trail Blazers,103.0,Houston Rockets,17.2
2025-01-19,Washington Wizards,102.1,Sacramento Kings,111.7,Sacramento Kings,9.6
2025-01-19,Chicago Bulls,114.2,Portland Trail Blazers,112.9,Chicago Bulls,1.4
2025-01-19,Los Angeles Lakers,111.1,Los Angeles Clippers,114.1,Los Angeles Clippers,3.0
2025-01-19,Brooklyn Nets,109.9,Oklahoma City Thunder,112.0,Oklahoma City Thunder,2.1
2025-01-19,Philadelphia 76ers,106.5,Milwaukee Bucks,104.2,Philadelphia 76ers,2.2
2025-01-19,Denver Nuggets,110.5,Orlando Magic,108.4,Denver Nuggets,2.1
2025-01-19,San Antonio Spurs,108.4,Miami Heat,108.3,San Antonio Spurs,0.1
2025-01-20,Dallas Mavericks,110.3,Charlotte Hornets,103.7,Dallas Mavericks,6.6
2025-01-20,Detroit Pistons,105.4,Houston Rockets,105.6,Houston Rockets,0.2
2025-01-20,Minnesota Timberwolves,111.2,Memphis Grizzlies,114.5,Memphis Grizzlies,3.2
2025-01-20,Atlanta Hawks,116.3,New York Knicks,120.9,New York Knicks,4.6
2025-01-20,Phoenix Suns,122.9,Cleveland Cavaliers,132.1,Cleveland Cavaliers,9.2
2025-01-20,Boston Celtics,110.8,Golden State Warriors,111.0,Golden State Warriors,0.2
2025-01-20,Utah Jazz,119.1,New Orleans Pelicans,116.1,Utah Jazz,3.0
2025-01-21,Washington Wizards,111.2,Los Angeles Lakers,107.2,Washington Wizards,4.0
2025-01-21,Chicago Bulls,120.9,Los Angeles Clippers,121.7,Los Angeles Clippers,0.7
2025-01-21,Philadelphia 76ers,104.1,Denver Nuggets,114.2,Denver Nuggets,10.1
2025-01-21,Portland Trail Blazers,108.8,Miami Heat,117.4,Miami Heat,8.7
2025-01-21,New York Knicks,117.3,Brooklyn Nets,115.6,New York Knicks,1.7
2025-01-21,Orlando Magic,114.7,Toronto Raptors,100.2,Orlando Magic,14.6
2025-01-22,Boston Celtics,113.9,Los Angeles Clippers,112.6,Boston Celtics,1.3
2025-01-22,Detroit Pistons,118.9,Atlanta Hawks,112.8,Detroit Pistons,6.1
2025-01-22,Phoenix Suns,115.5,Brooklyn Nets,111.9,Phoenix Suns,3.6
2025-01-22,Minnesota Timberwolves,111.8,Dallas Mavericks,113.7,Dallas Mavericks,1.9
2025-01-22,Cleveland Cavaliers,113.9,Houston Rockets,107.8,Cleveland Cavaliers,6.1
2025-01-22,Charlotte Hornets,106.7,Memphis Grizzlies,121.9,Memphis Grizzlies,15.2
2025-01-22,Milwaukee Bucks,108.7,New Orleans Pelicans,104.7,Milwaukee Bucks,4.0
2025-01-22,Utah Jazz,107.1,Oklahoma City Thunder,122.5,Oklahoma City Thunder,15.4
2025-01-22,Golden State Warriors,103.7,Sacramento Kings,103.6,Golden State Warriors,0.1
2025-01-23,Chicago Bulls,115.5,Golden State Warriors,119.2,Golden State Warriors,3.7
2025-01-23,Washington Wizards,114.9,Utah Jazz,111.7,Washington Wizards,3.2
2025-01-23,Boston Celtics,118.3,Los Angeles Lakers,108.0,Boston Celtics,10.4
2025-01-23,Sacramento Kings,110.6,Denver Nuggets,114.2,Denver Nuggets,3.6
2025-01-23,San Antonio Spurs,124.5,Indiana Pacers,119.4,San Antonio Spurs,5.1
2025-01-23,Miami Heat,116.6,Milwaukee Bucks,102.7,Miami Heat,13.9
2025-01-23,Portland Trail Blazers,96.2,Orlando Magic,109.0,Orlando Magic,12.8
2025-01-23,Dallas Mavericks,107.3,Oklahoma City Thunder,104.5,Dallas Mavericks,2.8
2025-01-23,Toronto Raptors,109.1,Atlanta Hawks,102.6,Toronto Raptors,6.4
2025-01-24,Portland Trail Blazers,101.5,Charlotte Hornets,106.6,Charlotte Hornets,5.1
2025-01-24,Cleveland Cavaliers,116.4,Philadelphia 76ers,103.8,Cleveland Cavaliers,12.5
2025-01-24,New Orleans Pelicans,106.3,Memphis Grizzlies,122.8,Memphis Grizzlies,16.6
2025-01-25,Sacramento Kings,111.6,New York Knicks,112.9,New York Knicks,1.3
2025-01-25,Milwaukee Bucks,111.0,Los Angeles Clippers,112.2,Los Angeles Clippers,1.2
2025-01-25,Washington Wizards,111.2,Phoenix Suns,119.3,Phoenix Suns,8.2
2025-01-25,Los Angeles Lakers,108.3,Golden State Warriors,113.4,Golden State Warriors,5.1
2025-01-25,Utah Jazz,108.8,Memphis Grizzlies,127.4,Memphis Grizzlies,18.6
2025-01-25,Philadelphia 76ers,118.5,Chicago Bulls,118.8,Chicago Bulls,0.3
2025-01-25,Houston Rockets,115.2,Cleveland Cavaliers,124.6,Cleveland Cavaliers,9.3
2025-01-25,Toronto Raptors,109.1,Atlanta Hawks,102.6,Toronto Raptors,6.4
2025-01-25,Detroit Pistons,101.1,Orlando Magic,108.9,Orlando Magic,7.7
2025-01-25,New Orleans Pelicans,107.7,Charlotte Hornets,113.5,Charlotte Hornets,5.8
2025-01-25,Miami Heat,111.4,Brooklyn Nets,108.2,Miami Heat,3.1
2025-01-25,Boston Celtics,116.9,Dallas Mavericks,121.3,Dallas Mavericks,4.4
2025-01-25,Denver Nuggets,115.8,Minnesota Timberwolves,111.1,Denver Nuggets,4.8
2025-01-25,Indiana Pacers,121.1,San Antonio Spurs,117.8,Indiana Pacers,3.4
2025-01-26,Oklahoma City Thunder,110.4,Portland Trail Blazers,98.2,Oklahoma City Thunder,12.3
2025-01-27,Atlanta Hawks,114.8,Minnesota Timberwolves,121.0,Minnesota Timberwolves,6.3
2025-01-27,Washington Wizards,99.5,Dallas Mavericks,119.3,Dallas Mavericks,19.8
2025-01-27,Denver Nuggets,122.2,Chicago Bulls,120.3,Denver Nuggets,2.0
2025-01-27,Los Angeles Clippers,120.9,Phoenix Suns,119.0,Los Angeles Clippers,1.9
2025-01-27,Milwaukee Bucks,113.3,Utah Jazz,106.7,Milwaukee Bucks,6.6
2025-01-27,New Orleans Pelicans,110.6,Toronto Raptors,108.5,New Orleans Pelicans,2.1
2025-01-27,Memphis Grizzlies,123.0,New York Knicks,119.6,Memphis Grizzlies,3.4
2025-01-27,Orlando Magic,109.9,Miami Heat,100.9,Orlando Magic,9.0
2025-01-27,Sacramento Kings,114.1,Brooklyn Nets,107.9,Sacramento Kings,6.2
2025-01-27,Houston Rockets,110.8,Boston Celtics,116.0,Boston Celtics,5.2
2025-01-27,Detroit Pistons,117.1,Cleveland Cavaliers,128.2,Cleveland Cavaliers,11.1
2025-01-27,Los Angeles Lakers,107.4,Charlotte Hornets,109.4,Charlotte Hornets,2.0
2025-01-28,Los Angeles Lakers,111.1,Philadelphia 76ers,106.0,Los Angeles Lakers,5.2
2025-01-28,Utah Jazz,102.3,Golden State Warriors,116.8,Golden State Warriors,14.5
2025-01-28,Milwaukee Bucks,108.1,Portland Trail Blazers,104.0,Milwaukee Bucks,4.1
2025-01-29,Oklahoma City Thunder,104.6,Golden State Warriors,104.4,Oklahoma City Thunder,0.2
2025-01-29,Minnesota Timberwolves,113.7,Phoenix Suns,108.5,Minnesota Timberwolves,5.2
2025-01-29,Los Angeles Clippers,115.9,San Antonio Spurs,116.4,San Antonio Spurs,0.6
2025-01-29,Dallas Mavericks,117.6,New Orleans Pelicans,102.5,Dallas Mavericks,15.1
2025-01-29,Sacramento Kings,115.3,Philadelphia 76ers,101.9,Sacramento Kings,13.4
2025-01-29,Denver Nuggets,114.1,New York Knicks,114.5,New York Knicks,0.4
2025-01-29,Cleveland Cavaliers,114.2,Miami Heat,110.7,Cleveland Cavaliers,3.5
2025-01-29,Chicago Bulls,110.7,Boston Celtics,119.7,Boston Celtics,9.0
2025-01-29,Toronto Raptors,108.9,Washington Wizards,101.0,Toronto Raptors,7.9
2025-01-29,Detroit Pistons,115.8,Indiana Pacers,121.2,Indiana Pacers,5.4
2025-01-29,Brooklyn Nets,111.5,Charlotte Hornets,111.4,Brooklyn Nets,0.1
2025-01-30,Los Angeles Lakers,122.1,Washington Wizards,108.5,Los Angeles Lakers,13.6
2025-01-30,Atlanta Hawks,119.0,Cleveland Cavaliers,129.5,Cleveland Cavaliers,10.4
2025-01-30,Houston Rockets,107.4,Memphis Grizzlies,115.1,Memphis Grizzlies,7.7
2025-01-30,Orlando Magic,111.8,Portland Trail Blazers,96.2,Orlando Magic,15.6
2025-01-30,Minnesota Timberwolves,113.4,Utah Jazz,104.2,Minnesota Timberwolves,9.2
2025-01-31,Milwaukee Bucks,111.3,San Antonio Spurs,119.1,San Antonio Spurs,7.8
2025-01-31,Boston Celtics,111.3,New Orleans Pelicans,107.6,Boston Celtics,3.7
2025-01-31,Phoenix Suns,110.2,Golden State Warriors,113.4,Golden State Warriors,3.2
2025-01-31,Denver Nuggets,119.8,Philadelphia 76ers,102.5,Denver Nuggets,17.3
2025-01-31,Dallas Mavericks,112.1,Detroit Pistons,103.9,Dallas Mavericks,8.2
2025-01-31,Los Angeles Clippers,109.5,Charlotte Hornets,109.0,Los Angeles Clippers,0.5
2025-01-31,Chicago Bulls,118.5,Toronto Raptors,115.2,Chicago Bulls,3.3
2025-02-01,Phoenix Suns,112.7,Portland Trail Blazers,106.2,Phoenix Suns,6.5
2025-02-01,Los Angeles Lakers,109.0,New York Knicks,111.2,New York Knicks,2.2
2025-02-01,Sacramento Kings,101.9,Oklahoma City Thunder,107.8,Oklahoma City Thunder,5.9
2025-02-01,Washington Wizards,107.5,Minnesota Timberwolves,115.8,Minnesota Timberwolves,8.3
2025-02-01,Miami Heat,113.3,San Antonio Spurs,112.9,Miami Heat,0.4
2025-02-01,Denver Nuggets,112.8,Charlotte Hornets,107.8,Denver Nuggets,5.0
2025-02-01,Orlando Magic,117.4,Utah Jazz,99.6,Orlando Magic,17.8
2025-02-01,Atlanta Hawks,117.0,Indiana Pacers,122.5,Indiana Pacers,5.4
2025-02-01,Brooklyn Nets,103.3,Houston Rockets,107.5,Houston Rockets,4.2
2025-02-02,Chicago Bulls,117.1,Detroit Pistons,117.8,Detroit Pistons,0.7
2025-02-02,Dallas Mavericks,120.9,Cleveland Cavaliers,126.2,Cleveland Cavaliers,5.3
2025-02-02,Los Angeles Clippers,114.5,Toronto Raptors,105.1,Los Angeles Clippers,9.4
2025-02-02,Boston Celtics,104.7,Philadelphia 76ers,102.9,Boston Celtics,1.8
2025-02-02,Memphis Grizzlies,120.3,Milwaukee Bucks,101.6,Memphis Grizzlies,18.7
2025-02-03,New Orleans Pelicans,107.3,Denver Nuggets,119.7,Denver Nuggets,12.4
2025-02-03,Orlando Magic,105.8,Golden State Warriors,102.2,Orlando Magic,3.5
2025-02-03,Indiana Pacers,118.1,Utah Jazz,111.0,Indiana Pacers,7.1
2025-02-03,Milwaukee Bucks,104.2,Oklahoma City Thunder,115.2,Oklahoma City Thunder,11.0
2025-02-03,Phoenix Suns,112.7,Portland Trail Blazers,106.2,Phoenix Suns,6.5
2025-02-03,San Antonio Spurs,116.8,Memphis Grizzlies,121.3,Memphis Grizzlies,4.5
2025-02-03,Houston Rockets,118.1,New York Knicks,114.8,Houston Rockets,3.3
2025-02-03,Atlanta Hawks,111.8,Detroit Pistons,118.7,Detroit Pistons,6.9
2025-02-03,Washington Wizards,102.4,Charlotte Hornets,111.0,Charlotte Hornets,8.6
2025-02-03,Sacramento Kings,111.3,Minnesota Timberwolves,108.8,Sacramento Kings,2.5
2025-02-04,Indiana Pacers,115.1,Portland Trail Blazers,107.8,Indiana Pacers,7.3
2025-02-04,Los Angeles Lakers,111.1,Los Angeles Clippers,114.1,Los Angeles Clippers,3.0
2025-02-04,Miami Heat,120.1,Chicago Bulls,118.9,Miami Heat,1.3
2025-02-04,New York Knicks,120.0,Toronto Raptors,115.7,New York Knicks,4.3
2025-02-04,Houston Rockets,124.2,Brooklyn Nets,111.9,Houston Rockets,12.3
2025-02-04,Boston Celtics,124.3,Cleveland Cavaliers,125.7,Cleveland Cavaliers,1.5
2025-02-04,Dallas Mavericks,121.1,Philadelphia 76ers,99.9,Dallas Mavericks,21.2
2025-02-05,Orlando Magic,109.8,Sacramento Kings,97.8,Orlando Magic,12.0
2025-02-05,New Orleans Pelicans,107.3,Denver Nuggets,119.7,Denver Nuggets,12.4
2025-02-05,Golden State Warriors,113.0,Utah Jazz,102.8,Golden State Warriors,10.2
2025-02-05,Phoenix Suns,106.4,Oklahoma City Thunder,112.7,Oklahoma City Thunder,6.2
2025-02-05,Chicago Bulls,119.7,Minnesota Timberwolves,122.5,Minnesota Timberwolves,2.8
2025-02-05,Washington Wizards,111.3,Brooklyn Nets,113.7,Brooklyn Nets,2.4
2025-02-05,Miami Heat,110.4,Philadelphia 76ers,102.0,Miami Heat,8.4
2025-02-05,San Antonio Spurs,121.2,Atlanta Hawks,113.6,San Antonio Spurs,7.6
2025-02-05,Cleveland Cavaliers,115.8,Detroit Pistons,109.4,Cleveland Cavaliers,6.5
2025-02-05,Milwaukee Bucks,101.2,Charlotte Hornets,104.8,Charlotte Hornets,3.6
2025-02-05,Memphis Grizzlies,119.9,Toronto Raptors,106.6,Memphis Grizzlies,13.3
2025-02-06,Dallas Mavericks,110.1,Boston Celtics,114.1,Boston Celtics,4.0
2025-02-06,Houston Rockets,119.9,Minnesota Timberwolves,111.3,Houston Rockets,8.6
2025-02-06,Orlando Magic,116.3,Denver Nuggets,105.1,Orlando Magic,11.2
2025-02-06,Golden State Warriors,108.0,Los Angeles Lakers,101.5,Golden State Warriors,6.5
2025-02-06,Sacramento Kings,111.7,Portland Trail Blazers,101.1,Sacramento Kings,10.6
2025-02-06,Indiana Pacers,117.2,Los Angeles Clippers,114.3,Indiana Pacers,2.9
2025-02-07,Philadelphia 76ers,103.1,Detroit Pistons,110.0,Detroit Pistons,6.9
2025-02-07,Utah Jazz,116.1,Phoenix Suns,128.3,Phoenix Suns,12.3
2025-02-07,Miami Heat,111.4,Brooklyn Nets,108.2,Miami Heat,3.1
2025-02-07,Toronto Raptors,99.1,Oklahoma City Thunder,110.8,Oklahoma City Thunder,11.7
2025-02-07,Cleveland Cavaliers,125.4,Washington Wizards,106.2,Cleveland Cavaliers,19.3
2025-02-07,Milwaukee Bucks,114.0,Atlanta Hawks,112.6,Milwaukee Bucks,1.5
2025-02-07,San Antonio Spurs,108.0,Charlotte Hornets,107.1,San Antonio Spurs,0.9
2025-02-08,New Orleans Pelicans,107.6,Sacramento Kings,118.9,Sacramento Kings,11.3
2025-02-08,Denver Nuggets,122.7,Phoenix Suns,117.8,Denver Nuggets,4.9
2025-02-08,Boston Celtics,120.6,New York Knicks,116.5,Boston Celtics,4.1
2025-02-08,Portland Trail Blazers,104.0,Minnesota Timberwolves,114.0,Minnesota Timberwolves,10.0
2025-02-08,Oklahoma City Thunder,107.6,Memphis Grizzlies,112.0,Memphis Grizzlies,4.4
2025-02-08,Utah Jazz,112.3,Los Angeles Clippers,124.8,Los Angeles Clippers,12.5
2025-02-08,Atlanta Hawks,122.1,Washington Wizards,109.6,Atlanta Hawks,12.5
2025-02-08,San Antonio Spurs,113.4,Orlando Magic,117.7,Orlando Magic,4.2
2025-02-08,Indiana Pacers,122.6,Los Angeles Lakers,112.5,Indiana Pacers,10.1
2025-02-08,Houston Rockets,105.8,Dallas Mavericks,113.6,Dallas Mavericks,7.8
2025-02-08,Golden State Warriors,109.3,Chicago Bulls,109.0,Golden State Warriors,0.3
2025-02-09,Charlotte Hornets,107.5,Detroit Pistons,110.4,Detroit Pistons,2.9
2025-02-09,Toronto Raptors,104.3,Houston Rockets,108.9,Houston Rockets,4.5
2025-02-09,Philadelphia 76ers,106.5,Milwaukee Bucks,104.2,Philadelphia 76ers,2.2
2025-02-10,Portland Trail Blazers,103.3,Denver Nuggets,116.0,Denver Nuggets,12.7
2025-02-10,Sacramento Kings,103.9,Dallas Mavericks,116.5,Dallas Mavericks,12.6
2025-02-10,New Orleans Pelicans,106.4,Oklahoma City Thunder,119.8,Oklahoma City Thunder,13.4
2025-02-10,Golden State Warriors,109.0,Milwaukee Bucks,99.8,Golden State Warriors,9.2
2025-02-10,Atlanta Hawks,106.5,Orlando Magic,118.6,Orlando Magic,12.1
2025-02-10,Charlotte Hornets,112.3,Brooklyn Nets,112.0,Charlotte Hornets,0.3
2025-02-10,San Antonio Spurs,120.3,Washington Wizards,102.0,San Antonio Spurs,18.3
2025-02-10,Minnesota Timberwolves,120.9,Cleveland Cavaliers,126.2,Cleveland Cavaliers,5.2
2025-02-10,Boston Celtics,109.9,Miami Heat,112.1,Miami Heat,2.2
2025-02-11,Utah Jazz,114.4,Los Angeles Lakers,115.4,Los Angeles Lakers,1.0
2025-02-11,Memphis Grizzlies,124.4,Phoenix Suns,115.9,Memphis Grizzlies,8.4
2025-02-11,Toronto Raptors,109.1,Philadelphia 76ers,102.6,Toronto Raptors,6.5
2025-02-11,New York Knicks,123.9,Indiana Pacers,121.5,New York Knicks,2.5
2025-02-11,Detroit Pistons,118.2,Chicago Bulls,122.0,Chicago Bulls,3.9
2025-02-12,Memphis Grizzlies,120.5,Los Angeles Clippers,112.4,Memphis Grizzlies,8.0
2025-02-12,Golden State Warriors,101.7,Dallas Mavericks,108.6,Dallas Mavericks,6.9
2025-02-12,Los Angeles Lakers,114.1,Utah Jazz,109.0,Los Angeles Lakers,5.2
2025-02-12,Portland Trail Blazers,103.3,Denver Nuggets,116.0,Denver Nuggets,12.7
2025-02-12,Miami Heat,103.5,Oklahoma City Thunder,107.1,Oklahoma City Thunder,3.6
2025-02-12,Sacramento Kings,112.1,New Orleans Pelicans,103.8,Sacramento Kings,8.3
2025-02-12,Milwaukee Bucks,107.9,Minnesota Timberwolves,111.4,Minnesota Timberwolves,3.5
2025-02-12,Phoenix Suns,108.6,Houston Rockets,107.8,Phoenix Suns,0.8
2025-02-12,Cleveland Cavaliers,122.1,Toronto Raptors,110.0,Cleveland Cavaliers,12.1
2025-02-12,Atlanta Hawks,116.3,New York Knicks,120.9,New York Knicks,4.6
2025-02-12,Philadelphia 76ers,107.1,Brooklyn Nets,107.7,Brooklyn Nets,0.6
2025-02-12,Indiana Pacers,124.2,Washington Wizards,110.0,Indiana Pacers,14.2
2025-02-12,Charlotte Hornets,98.8,Orlando Magic,109.8,Orlando Magic,11.0
2025-02-12,San Antonio Spurs,108.4,Boston Celtics,115.7,Boston Celtics,7.3
2025-02-12,Detroit Pistons,118.2,Chicago Bulls,122.0,Chicago Bulls,3.9
2025-02-13,Golden State Warriors,102.5,Houston Rockets,101.2,Golden State Warriors,1.3
2025-02-13,Sacramento Kings,112.1,New Orleans Pelicans,103.8,Sacramento Kings,8.3
2025-02-13,Miami Heat,106.7,Dallas Mavericks,115.8,Dallas Mavericks,9.1
2025-02-13,Oklahoma City Thunder,112.2,Minnesota Timberwolves,107.0,Oklahoma City Thunder,5.2
2025-02-20,Los Angeles Clippers,118.1,Milwaukee Bucks,102.9,Los Angeles Clippers,15.2
2025-02-20,Phoenix Suns,115.3,San Antonio Spurs,117.3,San Antonio Spurs,2.0
2025-02-20,Charlotte Hornets,108.7,Denver Nuggets,115.5,Denver Nuggets,6.8
2025-02-20,Chicago Bulls,121.2,New York Knicks,123.1,New York Knicks,1.8
2025-02-20,Los Angeles Lakers,108.6,Portland Trail Blazers,106.4,Los Angeles Lakers,2.2
2025-02-20,Orlando Magic,119.7,Atlanta Hawks,104.6,Orlando Magic,15.1
2025-02-20,Boston Celtics,104.7,Philadelphia 76ers,102.9,Boston Celtics,1.8
2025-02-20,Memphis Grizzlies,125.8,Indiana Pacers,120.8,Memphis Grizzlies,5.0
2025-02-20,Cleveland Cavaliers,118.1,Brooklyn Nets,112.3,Cleveland Cavaliers,5.8
2025-02-21,New York Knicks,124.4,Cleveland Cavaliers,128.6,Cleveland Cavaliers,4.2
2025-02-21,Memphis Grizzlies,116.1,Orlando Magic,114.8,Memphis Grizzlies,1.2
2025-02-21,Milwaukee Bucks,118.5,Washington Wizards,105.8,Milwaukee Bucks,12.7
2025-02-21,Miami Heat,111.5,Toronto Raptors,105.6,Miami Heat,5.9
2025-02-21,Minnesota Timberwolves,104.6,Houston Rockets,101.9,Minnesota Timberwolves,2.6
2025-02-21,Detroit Pistons,110.9,San Antonio Spurs,116.1,San Antonio Spurs,5.2
2025-02-21,New Orleans Pelicans,102.6,Dallas Mavericks,120.4,Dallas Mavericks,17.8
2025-02-21,Oklahoma City Thunder,117.1,Utah Jazz,101.6,Oklahoma City Thunder,15.5
2025-02-21,Golden State Warriors,103.7,Sacramento Kings,103.6,Golden State Warriors,0.1
2025-02-22,Charlotte Hornets,106.4,Portland Trail Blazers,102.4,Charlotte Hornets,4.0
2025-02-22,Houston Rockets,127.2,Utah Jazz,108.7,Houston Rockets,18.5
2025-02-22,Los Angeles Lakers,109.3,Denver Nuggets,116.4,Denver Nuggets,7.1
2025-02-22,Phoenix Suns,120.0,Chicago Bulls,118.9,Phoenix Suns,1.1
2025-02-22,Brooklyn Nets,100.9,Philadelphia 76ers,106.9,Philadelphia 76ers,6.0
2025-02-23,New York Knicks,115.4,Boston Celtics,117.3,Boston Celtics,1.9
2025-02-23,Dallas Mavericks,111.7,Golden State Warriors,108.8,Dallas Mavericks,3.0
2025-02-23,Los Angeles Clippers,115.9,Indiana Pacers,119.8,Indiana Pacers,4.0
2025-02-23,Detroit Pistons,118.9,Atlanta Hawks,112.8,Detroit Pistons,6.1
2025-02-23,Washington Wizards,95.6,Orlando Magic,110.6,Orlando Magic,15.0
2025-02-23,Phoenix Suns,113.7,Toronto Raptors,109.0,Phoenix Suns,4.7
2025-02-23,Miami Heat,116.6,Milwaukee Bucks,102.7,Miami Heat,13.9
2025-02-23,San Antonio Spurs,112.6,New Orleans Pelicans,106.6,San Antonio Spurs,6.1
2025-02-23,Memphis Grizzlies,126.1,Cleveland Cavaliers,131.2,Cleveland Cavaliers,5.1
2025-02-23,Oklahoma City Thunder,112.2,Minnesota Timberwolves,107.0,Oklahoma City Thunder,5.2
2025-02-24,Charlotte Hornets,104.6,Sacramento Kings,110.8,Sacramento Kings,6.2
2025-02-24,Portland Trail Blazers,121.3,Utah Jazz,109.9,Portland Trail Blazers,11.5
2025-02-24,Minnesota Timberwolves,105.2,Oklahoma City Thunder,103.6,Minnesota Timberwolves,1.6
2025-02-24,Miami Heat,115.2,Atlanta Hawks,110.1,Miami Heat,5.2
2025-02-24,Chicago Bulls,114.2,Philadelphia 76ers,110.7,Chicago Bulls,3.5
2025-02-24,Denver Nuggets,114.9,Indiana Pacers,112.3,Denver Nuggets,2.6
2025-02-24,Los Angeles Clippers,111.9,Detroit Pistons,110.3,Los Angeles Clippers,1.6
2025-02-24,Brooklyn Nets,114.9,Washington Wizards,108.8,Brooklyn Nets,6.1
2025-02-25,Boston Celtics,116.5,Toronto Raptors,110.3,Boston Celtics,6.2
2025-02-25,Cleveland Cavaliers,118.3,Orlando Magic,118.0,Cleveland Cavaliers,0.2
2025-02-25,Milwaukee Bucks,109.5,Houston Rockets,112.2,Houston Rockets,2.7
2025-02-25,Phoenix Suns,115.3,Memphis Grizzlies,124.1,Memphis Grizzlies,8.8
2025-02-25,San Antonio Spurs,112.6,New Orleans Pelicans,106.6,San Antonio Spurs,6.1
2025-02-25,Charlotte Hornets,100.4,Golden State Warriors,106.4,Golden State Warriors,6.0
2025-02-25,Dallas Mavericks,122.4,Los Angeles Lakers,102.6,Dallas Mavericks,19.8
2025-02-26,San Antonio Spurs,108.7,Houston Rockets,105.5,San Antonio Spurs,3.2
2025-02-26,Sacramento Kings,116.3,Utah Jazz,104.1,Sacramento Kings,12.2
2025-02-26,Los Angeles Clippers,121.7,Chicago Bulls,122.8,Chicago Bulls,1.1
2025-02-26,Atlanta Hawks,113.1,Miami Heat,121.4,Miami Heat,8.3
2025-02-26,Oklahoma City Thunder,115.8,Brooklyn Nets,104.2,Oklahoma City Thunder,11.6
2025-02-26,Philadelphia 76ers,110.1,New York Knicks,110.3,New York Knicks,0.2
2025-02-26,Toronto Raptors,106.6,Indiana Pacers,110.4,Indiana Pacers,3.8
2025-02-26,Boston Celtics,111.2,Detroit Pistons,108.6,Boston Celtics,2.6
2025-02-26,Portland Trail Blazers,113.7,Washington Wizards,102.4,Portland Trail Blazers,11.3
2025-02-27,Golden State Warriors,98.7,Orlando Magic,104.1,Orlando Magic,5.3
2025-02-27,Denver Nuggets,118.6,Milwaukee Bucks,103.1,Denver Nuggets,15.5
2025-02-27,Charlotte Hornets,103.7,Dallas Mavericks,119.2,Dallas Mavericks,15.5
2025-02-27,New Orleans Pelicans,114.8,Phoenix Suns,124.3,Phoenix Suns,9.6
2025-02-27,Minnesota Timberwolves,116.2,Los Angeles Lakers,102.4,Minnesota Timberwolves,13.9
2025-02-28,Indiana Pacers,111.8,Miami Heat,111.6,Indiana Pacers,0.2
2025-02-28,Los Angeles Clippers,120.4,Los Angeles Lakers,105.7,Los Angeles Clippers,14.7
2025-02-28,Minnesota Timberwolves,113.4,Utah Jazz,104.2,Minnesota Timberwolves,9.2
2025-02-28,New Orleans Pelicans,114.8,Phoenix Suns,124.3,Phoenix Suns,9.6
2025-02-28,New York Knicks,120.6,Memphis Grizzlies,122.5,Memphis Grizzlies,1.9
2025-02-28,Toronto Raptors,111.4,Chicago Bulls,118.9,Chicago Bulls,7.4
2025-02-28,Portland Trail Blazers,116.7,Brooklyn Nets,116.8,Brooklyn Nets,0.1
2025-02-28,Cleveland Cavaliers,114.2,Boston Celtics,117.5,Boston Celtics,3.3
2025-02-28,Oklahoma City Thunder,119.2,Atlanta Hawks,107.4,Oklahoma City Thunder,11.9
2025-02-28,Denver Nuggets,113.1,Detroit Pistons,106.7,Denver Nuggets,6.4
2025-03-01,Washington Wizards,102.4,Charlotte Hornets,111.0,Charlotte Hornets,8.6
2025-03-01,Brooklyn Nets,109.9,Detroit Pistons,112.3,Detroit Pistons,2.4
2025-03-01,Sacramento Kings,105.8,Houston Rockets,103.5,Sacramento Kings,2.3
2025-03-01,San Antonio Spurs,116.8,Memphis Grizzlies,121.3,Memphis Grizzlies,4.5
2025-03-01,Milwaukee Bucks,104.4,Dallas Mavericks,120.4,Dallas Mavericks,16.0
2025-03-01,Golden State Warriors,107.7,Philadelphia 76ers,101.4,Golden State Warriors,6.3
2025-03-02,Minnesota Timberwolves,113.7,Phoenix Suns,108.5,Minnesota Timberwolves,5.2
2025-03-02,Los Angeles Clippers,120.4,Los Angeles Lakers,105.7,Los Angeles Clippers,14.7
2025-03-02,New Orleans Pelicans,122.0,Utah Jazz,115.2,New Orleans Pelicans,6.7
2025-03-02,Oklahoma City Thunder,110.1,San Antonio Spurs,106.8,Oklahoma City Thunder,3.3
2025-03-02,Toronto Raptors,96.9,Orlando Magic,107.8,Orlando Magic,10.8
2025-03-02,New York Knicks,116.3,Miami Heat,117.9,Miami Heat,1.6
2025-03-02,Chicago Bulls,123.7,Indiana Pacers,125.7,Indiana Pacers,2.0
2025-03-02,Portland Trail Blazers,108.0,Cleveland Cavaliers,123.2,Cleveland Cavaliers,15.3
2025-03-02,Denver Nuggets,109.4,Boston Celtics,118.5,Boston Celtics,9.1
2025-03-03,Golden State Warriors,100.8,Charlotte Hornets,99.6,Golden State Warriors,1.1
2025-03-03,Portland Trail Blazers,113.4,Philadelphia 76ers,106.2,Portland Trail Blazers,7.2
2025-03-03,Washington Wizards,106.6,Miami Heat,115.1,Miami Heat,8.5
2025-03-03,Atlanta Hawks,112.2,Memphis Grizzlies,126.0,Memphis Grizzlies,13.8
2025-03-03,Houston Rockets,106.5,Oklahoma City Thunder,110.0,Oklahoma City Thunder,3.5
2025-03-03,Sacramento Kings,103.9,Dallas Mavericks,116.5,Dallas Mavericks,12.6
2025-03-03,Detroit Pistons,121.6,Utah Jazz,108.7,Detroit Pistons,13.0
2025-03-04,New Orleans Pelicans,113.0,Los Angeles Lakers,114.2,Los Angeles Lakers,1.2
2025-03-04,Los Angeles Clippers,120.9,Phoenix Suns,119.0,Los Angeles Clippers,1.9
2025-03-04,Brooklyn Nets,120.3,San Antonio Spurs,117.1,Brooklyn Nets,3.3
2025-03-04,Philadelphia 76ers,102.8,Minnesota Timberwolves,109.4,Minnesota Timberwolves,6.6
2025-03-04,Golden State Warriors,108.6,New York Knicks,109.9,New York Knicks,1.3
2025-03-04,Milwaukee Bucks,114.0,Atlanta Hawks,112.6,Milwaukee Bucks,1.5
2025-03-04,Toronto Raptors,96.9,Orlando Magic,107.8,Orlando Magic,10.8
2025-03-04,Houston Rockets,119.6,Indiana Pacers,118.6,Houston Rockets,1.0
2025-03-04,Cleveland Cavaliers,125.9,Chicago Bulls,120.3,Cleveland Cavaliers,5.5
2025-03-05,Portland Trail Blazers,106.5,Boston Celtics,119.3,Boston Celtics,12.8
2025-03-05,Minnesota Timberwolves,103.3,Charlotte Hornets,101.1,Minnesota Timberwolves,2.2
2025-03-05,Miami Heat,118.7,Cleveland Cavaliers,125.7,Cleveland Cavaliers,7.0
2025-03-05,Utah Jazz,119.1,Washington Wizards,114.1,Utah Jazz,5.0
2025-03-05,Oklahoma City Thunder,107.6,Memphis Grizzlies,112.0,Memphis Grizzlies,4.4
2025-03-05,Sacramento Kings,110.6,Denver Nuggets,114.2,Denver Nuggets,3.6
2025-03-05,Dallas Mavericks,117.9,Milwaukee Bucks,99.4,Dallas Mavericks,18.5
2025-03-05,Detroit Pistons,112.9,Los Angeles Clippers,114.3,Los Angeles Clippers,1.4
2025-03-06,Golden State Warriors,108.9,Brooklyn Nets,105.3,Golden State Warriors,3.6
2025-03-06,New York Knicks,124.4,Los Angeles Lakers,116.7,New York Knicks,7.7
2025-03-06,Houston Rockets,123.7,New Orleans Pelicans,108.8,Houston Rockets,14.9
2025-03-06,Indiana Pacers,118.1,Atlanta Hawks,113.8,Indiana Pacers,4.3
2025-03-06,Philadelphia 76ers,104.3,Boston Celtics,109.0,Boston Celtics,4.7
2025-03-07,New York Knicks,120.0,Los Angeles Clippers,118.9,New York Knicks,1.2
2025-03-07,Cleveland Cavaliers,113.7,Charlotte Hornets,109.0,Cleveland Cavaliers,4.7
2025-03-07,Memphis Grizzlies,116.2,Dallas Mavericks,121.3,Dallas Mavericks,5.1
2025-03-07,Utah Jazz,107.5,Toronto Raptors,109.8,Toronto Raptors,2.3
2025-03-07,Minnesota Timberwolves,103.3,Miami Heat,103.8,Miami Heat,0.4
2025-03-07,Portland Trail Blazers,100.1,Oklahoma City Thunder,113.8,Oklahoma City Thunder,13.7
2025-03-07,Phoenix Suns,118.2,Denver Nuggets,119.0,Denver Nuggets,0.9
2025-03-07,San Antonio Spurs,116.2,Sacramento Kings,109.9,San Antonio Spurs,6.3
2025-03-08,Los Angeles Lakers,108.0,Boston Celtics,117.5,Boston Celtics,9.5
2025-03-08,Orlando Magic,116.2,Milwaukee Bucks,96.1,Orlando Magic,20.1
2025-03-08,Detroit Pistons,103.7,Golden State Warriors,108.9,Golden State Warriors,5.3
2025-03-08,Chicago Bulls,115.2,Miami Heat,119.2,Miami Heat,4.0
2025-03-08,New Orleans Pelicans,104.0,Houston Rockets,115.3,Houston Rockets,11.3
2025-03-08,Indiana Pacers,118.1,Atlanta Hawks,113.8,Indiana Pacers,4.3
2025-03-08,Washington Wizards,103.7,Toronto Raptors,110.2,Toronto Raptors,6.5
2025-03-08,Brooklyn Nets,111.5,Charlotte Hornets,111.4,Brooklyn Nets,0.1
2025-03-09,Sacramento Kings,108.7,Los Angeles Clippers,108.0,Sacramento Kings,0.8
2025-03-09,Detroit Pistons,112.0,Portland Trail Blazers,103.1,Detroit Pistons,9.0
2025-03-09,Cleveland Cavaliers,123.4,Milwaukee Bucks,106.9,Cleveland Cavaliers,16.5
2025-03-09,San Antonio Spurs,116.2,Minnesota Timberwolves,113.4,San Antonio Spurs,2.8
2025-03-09,Memphis Grizzlies,122.0,New Orleans Pelicans,106.6,Memphis Grizzlies,15.4
2025-03-09,Phoenix Suns,114.2,Dallas Mavericks,124.2,Dallas Mavericks,10.0
2025-03-09,Denver Nuggets,110.8,Oklahoma City Thunder,109.4,Denver Nuggets,1.4
2025-03-09,Utah Jazz,114.6,Philadelphia 76ers,115.7,Philadelphia 76ers,1.1
2025-03-10,Phoenix Suns,115.3,Memphis Grizzlies,124.1,Memphis Grizzlies,8.8
2025-03-10,New York Knicks,121.6,Sacramento Kings,115.8,New York Knicks,5.8
2025-03-10,Portland Trail Blazers,95.3,Golden State Warriors,107.7,Golden State Warriors,12.4
2025-03-10,Dallas Mavericks,114.9,San Antonio Spurs,108.3,Dallas Mavericks,6.6
2025-03-10,Denver Nuggets,110.8,Oklahoma City Thunder,109.4,Denver Nuggets,1.4
2025-03-10,Orlando Magic,107.3,Houston Rockets,97.9,Orlando Magic,9.5
2025-03-10,Washington Wizards,103.7,Toronto Raptors,110.2,Toronto Raptors,6.5
2025-03-10,Charlotte Hornets,108.1,Miami Heat,111.7,Miami Heat,3.6
2025-03-10,Los Angeles Lakers,112.2,Brooklyn Nets,110.6,Los Angeles Lakers,1.6
2025-03-10,Utah Jazz,107.9,Boston Celtics,122.4,Boston Celtics,14.4
2025-03-10,Philadelphia 76ers,110.6,Atlanta Hawks,110.9,Atlanta Hawks,0.3
2025-03-10,Indiana Pacers,125.0,Chicago Bulls,121.3,Indiana Pacers,3.6
2025-03-11,Brooklyn Nets,119.2,Cleveland Cavaliers,123.2,Cleveland Cavaliers,4.0
2025-03-11,Washington Wizards,103.1,Detroit Pistons,113.9,Detroit Pistons,10.8
2025-03-11,Milwaukee Bucks,112.9,Indiana Pacers,118.7,Indiana Pacers,5.8
2025-03-11,Los Angeles Clippers,115.4,New Orleans Pelicans,104.4,Los Angeles Clippers,11.0
2025-03-12,Los Angeles Clippers,113.0,Miami Heat,114.1,Miami Heat,1.1
2025-03-12,New York Knicks,112.7,Portland Trail Blazers,114.0,Portland Trail Blazers,1.3
2025-03-12,Minnesota Timberwolves,113.7,Denver Nuggets,109.4,Minnesota Timberwolves,4.4
2025-03-12,Dallas Mavericks,114.9,San Antonio Spurs,108.3,Dallas Mavericks,6.6
2025-03-12,Utah Jazz,108.8,Memphis Grizzlies,127.4,Memphis Grizzlies,18.6
2025-03-12,Chicago Bulls,117.9,Orlando Magic,127.4,Orlando Magic,9.5
2025-03-12,Philadelphia 76ers,103.4,Toronto Raptors,105.3,Toronto Raptors,1.9
2025-03-12,Oklahoma City Thunder,105.7,Boston Celtics,110.1,Boston Celtics,4.4
2025-03-12,Charlotte Hornets,116.7,Atlanta Hawks,112.3,Charlotte Hornets,4.4
2025-03-12,Phoenix Suns,108.6,Houston Rockets,107.8,Phoenix Suns,0.8
2025-03-13,Washington Wizards,103.1,Detroit Pistons,113.9,Detroit Pistons,10.8
2025-03-13,Los Angeles Lakers,113.1,Milwaukee Bucks,105.8,Los Angeles Lakers,7.3
2025-03-13,Brooklyn Nets,123.8,Chicago Bulls,118.7,Brooklyn Nets,5.2
2025-03-13,Sacramento Kings,106.8,Golden State Warriors,110.5,Golden State Warriors,3.7
2025-03-14,Sacramento Kings,115.7,Phoenix Suns,110.6,Sacramento Kings,5.2
2025-03-14,Toronto Raptors,112.3,Utah Jazz,100.8,Toronto Raptors,11.5
2025-03-14,Los Angeles Lakers,109.3,Denver Nuggets,116.4,Denver Nuggets,7.1
2025-03-14,Charlotte Hornets,108.8,San Antonio Spurs,116.3,San Antonio Spurs,7.6
2025-03-14,Orlando Magic,113.9,Minnesota Timberwolves,102.1,Orlando Magic,11.8
2025-03-14,Los Angeles Clippers,120.6,Atlanta Hawks,111.5,Los Angeles Clippers,9.1
2025-03-14,Dallas Mavericks,111.4,Houston Rockets,102.7,Dallas Mavericks,8.7
2025-03-14,Indiana Pacers,115.7,Philadelphia 76ers,107.4,Indiana Pacers,8.3
2025-03-14,Boston Celtics,109.9,Miami Heat,112.1,Miami Heat,2.2
2025-03-14,Cleveland Cavaliers,123.1,Memphis Grizzlies,120.9,Cleveland Cavaliers,2.2
2025-03-15,New York Knicks,118.7,Golden State Warriors,119.9,Golden State Warriors,1.2
2025-03-15,New Orleans Pelicans,111.7,San Antonio Spurs,122.5,San Antonio Spurs,10.8
2025-03-15,Washington Wizards,105.9,Denver Nuggets,120.0,Denver Nuggets,14.1
2025-03-15,Indiana Pacers,122.3,Milwaukee Bucks,107.8,Indiana Pacers,14.5
2025-03-15,Oklahoma City Thunder,105.1,Detroit Pistons,101.2,Oklahoma City Thunder,3.9
2025-03-15,Chicago Bulls,109.4,Houston Rockets,113.3,Houston Rockets,3.8
2025-03-15,Boston Celtics,110.1,Brooklyn Nets,110.4,Brooklyn Nets,0.3
2025-03-15,Miami Heat,107.7,Memphis Grizzlies,116.2,Memphis Grizzlies,8.5
2025-03-16,Philadelphia 76ers,99.8,Dallas Mavericks,113.6,Dallas Mavericks,13.9
2025-03-16,Phoenix Suns,122.1,Los Angeles Lakers,108.2,Phoenix Suns,13.9
2025-03-16,Atlanta Hawks,119.0,Brooklyn Nets,119.9,Brooklyn Nets,0.9
2025-03-16,Orlando Magic,120.7,Cleveland Cavaliers,118.5,Orlando Magic,2.1
2025-03-16,Toronto Raptors,105.9,Portland Trail Blazers,99.6,Toronto Raptors,6.3
2025-03-16,Utah Jazz,110.7,Minnesota Timberwolves,122.7,Minnesota Timberwolves,12.0
2025-03-16,Oklahoma City Thunder,114.9,Milwaukee Bucks,98.5,Oklahoma City Thunder,16.4
2025-03-16,Washington Wizards,106.6,Los Angeles Clippers,118.8,Los Angeles Clippers,12.1
2025-03-17,Memphis Grizzlies,116.0,Sacramento Kings,107.3,Memphis Grizzlies,8.7
2025-03-17,Toronto Raptors,104.8,Phoenix Suns,112.8,Phoenix Suns,8.1
2025-03-17,Denver Nuggets,112.9,Golden State Warriors,112.4,Denver Nuggets,0.5
2025-03-17,Chicago Bulls,118.1,Utah Jazz,114.7,Chicago Bulls,3.4
2025-03-17,Orlando Magic,114.2,San Antonio Spurs,101.9,Orlando Magic,12.2
2025-03-17,Detroit Pistons,116.0,New Orleans Pelicans,106.4,Detroit Pistons,9.6
2025-03-17,Indiana Pacers,118.5,Minnesota Timberwolves,116.6,Indiana Pacers,2.0
2025-03-17,Philadelphia 76ers,100.5,Houston Rockets,105.4,Houston Rockets,4.9
2025-03-17,Miami Heat,114.6,New York Knicks,112.4,Miami Heat,2.2
2025-03-18,Atlanta Hawks,110.3,Charlotte Hornets,113.2,Charlotte Hornets,2.9
2025-03-18,Brooklyn Nets,109.0,Boston Celtics,110.5,Boston Celtics,1.5
2025-03-18,Washington Wizards,106.5,Portland Trail Blazers,106.4,Washington Wizards,0.1
2025-03-18,Cleveland Cavaliers,122.5,Los Angeles Clippers,114.5,Cleveland Cavaliers,8.0
2025-03-18,Milwaukee Bucks,113.2,Los Angeles Lakers,107.2,Milwaukee Bucks,6.1
2025-03-19,Cleveland Cavaliers,120.1,Sacramento Kings,111.5,Cleveland Cavaliers,8.6
2025-03-19,Memphis Grizzlies,120.4,Portland Trail Blazers,102.6,Memphis Grizzlies,17.8
2025-03-19,Chicago Bulls,123.5,Phoenix Suns,122.1,Chicago Bulls,1.5
2025-03-19,Denver Nuggets,120.2,Los Angeles Lakers,103.8,Denver Nuggets,16.3
2025-03-19,Toronto Raptors,95.7,Golden State Warriors,104.0,Golden State Warriors,8.3
2025-03-19,Los Angeles Clippers,121.8,Utah Jazz,106.4,Los Angeles Clippers,15.4
2025-03-19,Houston Rockets,105.4,Orlando Magic,110.2,Orlando Magic,4.9
2025-03-19,Philadelphia 76ers,99.5,Oklahoma City Thunder,108.2,Oklahoma City Thunder,8.7
2025-03-19,New Orleans Pelicans,109.4,Minnesota Timberwolves,119.6,Minnesota Timberwolves,10.2
2025-03-19,Detroit Pistons,112.9,Miami Heat,114.7,Miami Heat,1.9
2025-03-19,Dallas Mavericks,121.8,Indiana Pacers,111.3,Dallas Mavericks,10.5
2025-03-19,New York Knicks,126.3,San Antonio Spurs,121.0,New York Knicks,5.2
2025-03-20,New York Knicks,117.2,Charlotte Hornets,116.5,New York Knicks,0.7
2025-03-20,Brooklyn Nets,115.8,Indiana Pacers,114.5,Brooklyn Nets,1.3
2025-03-20,Milwaukee Bucks,101.8,Golden State Warriors,109.3,Golden State Warriors,7.6
2025-03-20,Chicago Bulls,119.4,Sacramento Kings,116.6,Chicago Bulls,2.8
2025-03-21,Memphis Grizzlies,120.5,Los Angeles Clippers,112.4,Memphis Grizzlies,8.0
2025-03-21,Denver Nuggets,117.4,Portland Trail Blazers,102.5,Denver Nuggets,14.9
2025-03-21,Cleveland Cavaliers,126.2,Phoenix Suns,118.0,Cleveland Cavaliers,8.2
2025-03-21,Boston Celtics,114.7,Utah Jazz,109.3,Boston Celtics,5.4
2025-03-21,Detroit Pistons,106.4,Dallas Mavericks,119.7,Dallas Mavericks,13.4
2025-03-21,Houston Rockets,120.9,Miami Heat,113.5,Houston Rockets,7.3
2025-03-21,Charlotte Hornets,100.3,Oklahoma City Thunder,109.0,Oklahoma City Thunder,8.7
2025-03-21,New Orleans Pelicans,109.4,Minnesota Timberwolves,119.6,Minnesota Timberwolves,10.2
2025-03-21,Orlando Magic,116.3,Washington Wizards,94.3,Orlando Magic,22.0
2025-03-21,Philadelphia 76ers,110.8,San Antonio Spurs,113.6,San Antonio Spurs,2.9
2025-03-22,Milwaukee Bucks,110.7,Sacramento Kings,116.2,Sacramento Kings,5.5
2025-03-22,Washington Wizards,109.9,New York Knicks,116.8,New York Knicks,6.9
2025-03-22,Chicago Bulls,124.7,Los Angeles Lakers,115.9,Chicago Bulls,8.8
2025-03-22,Brooklyn Nets,115.8,Indiana Pacers,114.5,Brooklyn Nets,1.3
2025-03-22,Golden State Warriors,111.1,Atlanta Hawks,104.6,Golden State Warriors,6.5
2025-03-23,New Orleans Pelicans,109.2,Detroit Pistons,118.9,Detroit Pistons,9.7
2025-03-23,Cleveland Cavaliers,120.8,Utah Jazz,109.7,Cleveland Cavaliers,11.1
2025-03-23,Philadelphia 76ers,110.6,Atlanta Hawks,110.9,Atlanta Hawks,0.3
2025-03-23,Charlotte Hornets,108.1,Miami Heat,111.7,Miami Heat,3.6
2025-03-23,Boston Celtics,106.5,Portland Trail Blazers,104.0,Boston Celtics,2.6
2025-03-23,San Antonio Spurs,114.4,Toronto Raptors,108.2,San Antonio Spurs,6.2
2025-03-23,Denver Nuggets,114.4,Houston Rockets,106.1,Denver Nuggets,8.3
2025-03-23,Oklahoma City Thunder,113.5,Los Angeles Clippers,105.2,Oklahoma City Thunder,8.3
2025-03-24,Boston Celtics,113.8,Sacramento Kings,109.0,Boston Celtics,4.8
2025-03-24,Milwaukee Bucks,114.9,Phoenix Suns,121.6,Phoenix Suns,6.7
2025-03-24,Dallas Mavericks,118.9,Brooklyn Nets,105.7,Dallas Mavericks,13.2
2025-03-24,Chicago Bulls,122.6,Denver Nuggets,124.5,Denver Nuggets,1.9
2025-03-24,Los Angeles Lakers,104.1,Orlando Magic,113.5,Orlando Magic,9.4
2025-03-24,Minnesota Timberwolves,120.0,Indiana Pacers,114.3,Minnesota Timberwolves,5.7
2025-03-24,Toronto Raptors,108.9,Washington Wizards,101.0,Toronto Raptors,7.9
2025-03-24,Philadelphia 76ers,104.5,New Orleans Pelicans,105.3,New Orleans Pelicans,0.8
2025-03-25,Orlando Magic,106.0,Charlotte Hornets,99.5,Orlando Magic,6.5
2025-03-25,San Antonio Spurs,108.8,Detroit Pistons,107.3,San Antonio Spurs,1.5
2025-03-25,Golden State Warriors,102.5,Miami Heat,102.4,Golden State Warriors,0.1
2025-03-25,Dallas Mavericks,118.0,New York Knicks,112.1,Dallas Mavericks,5.9
2025-03-25,Atlanta Hawks,108.4,Houston Rockets,115.7,Houston Rockets,7.2
2025-03-25,Memphis Grizzlies,124.8,Utah Jazz,106.3,Memphis Grizzlies,18.4
2025-03-25,Cleveland Cavaliers,116.9,Portland Trail Blazers,104.7,Cleveland Cavaliers,12.2
2025-03-25,Oklahoma City Thunder,108.7,Sacramento Kings,100.1,Oklahoma City Thunder,8.6
2025-03-26,Los Angeles Clippers,115.2,New York Knicks,117.6,New York Knicks,2.4
2025-03-26,Boston Celtics,118.1,Phoenix Suns,115.9,Boston Celtics,2.2
2025-03-26,Milwaukee Bucks,109.7,Denver Nuggets,115.8,Denver Nuggets,6.1
2025-03-26,Los Angeles Lakers,110.1,Indiana Pacers,113.5,Indiana Pacers,3.4
2025-03-26,Washington Wizards,107.5,Philadelphia 76ers,106.0,Washington Wizards,1.5
2025-03-26,Toronto Raptors,112.4,Brooklyn Nets,114.0,Brooklyn Nets,1.6
2025-03-27,San Antonio Spurs,124.9,Cleveland Cavaliers,129.9,Cleveland Cavaliers,5.0
2025-03-27,Dallas Mavericks,110.1,Orlando Magic,106.8,Dallas Mavericks,3.3
2025-03-27,Indiana Pacers,124.2,Washington Wizards,110.0,Indiana Pacers,14.2
2025-03-27,Atlanta Hawks,113.1,Miami Heat,121.4,Miami Heat,8.3
2025-03-27,Los Angeles Lakers,118.4,Chicago Bulls,119.6,Chicago Bulls,1.1
2025-03-27,Memphis Grizzlies,111.2,Oklahoma City Thunder,111.3,Oklahoma City Thunder,0.1
2025-03-27,Houston Rockets,127.2,Utah Jazz,108.7,Houston Rockets,18.5
2025-03-27,Portland Trail Blazers,101.9,Sacramento Kings,111.1,Sacramento Kings,9.2
2025-03-28,Utah Jazz,108.3,Denver Nuggets,122.9,Denver Nuggets,14.7
2025-03-28,Golden State Warriors,111.3,New Orleans Pelicans,102.3,Golden State Warriors,9.0
2025-03-28,Phoenix Suns,115.7,Minnesota Timberwolves,115.5,Phoenix Suns,0.2
2025-03-28,New York Knicks,123.7,Milwaukee Bucks,112.6,New York Knicks,11.0
2025-03-28,Los Angeles Clippers,120.5,Brooklyn Nets,113.9,Los Angeles Clippers,6.6
2025-03-28,Cleveland Cavaliers,115.8,Detroit Pistons,109.4,Cleveland Cavaliers,6.5
2025-03-28,Charlotte Hornets,109.3,Toronto Raptors,104.3,Charlotte Hornets,5.0
2025-03-29,Sacramento Kings,104.0,Orlando Magic,112.9,Orlando Magic,8.9
2025-03-29,Brooklyn Nets,114.9,Washington Wizards,108.8,Brooklyn Nets,6.1
2025-03-29,Miami Heat,110.4,Philadelphia 76ers,102.0,Miami Heat,8.4
2025-03-29,Dallas Mavericks,121.8,Chicago Bulls,115.4,Dallas Mavericks,6.4
2025-03-29,Los Angeles Lakers,109.4,Memphis Grizzlies,119.9,Memphis Grizzlies,10.5
2025-03-29,Indiana Pacers,113.9,Oklahoma City Thunder,114.4,Oklahoma City Thunder,0.5
2025-03-29,Boston Celtics,116.9,San Antonio Spurs,117.2,San Antonio Spurs,0.3
2025-03-30,Houston Rockets,121.3,Phoenix Suns,113.2,Houston Rockets,8.1
2025-03-30,Toronto Raptors,109.1,Philadelphia 76ers,102.6,Toronto Raptors,6.5
2025-03-30,Charlotte Hornets,115.1,New Orleans Pelicans,107.4,Charlotte Hornets,7.7
2025-03-30,Golden State Warriors,101.7,San Antonio Spurs,103.4,San Antonio Spurs,1.6
2025-03-30,Atlanta Hawks,115.2,Milwaukee Bucks,106.7,Atlanta Hawks,8.5
2025-03-30,Portland Trail Blazers,112.3,New York Knicks,119.3,New York Knicks,7.0
2025-03-30,Los Angeles Clippers,119.8,Cleveland Cavaliers,129.6,Cleveland Cavaliers,9.8
2025-03-30,Detroit Pistons,112.0,Minnesota Timberwolves,112.4,Minnesota Timberwolves,0.4
2025-03-31,Houston Rockets,124.6,Los Angeles Lakers,107.2,Houston Rockets,17.4
2025-03-31,Chicago Bulls,112.8,Oklahoma City Thunder,120.4,Oklahoma City Thunder,7.7
2025-03-31,Boston Celtics,117.4,Memphis Grizzlies,121.5,Memphis Grizzlies,4.1
2025-03-31,Brooklyn Nets,113.0,Dallas Mavericks,118.2,Dallas Mavericks,5.2
2025-03-31,Los Angeles Clippers,105.8,Orlando Magic,110.7,Orlando Magic,4.9
2025-03-31,Sacramento Kings,116.6,Indiana Pacers,116.6,Sacramento Kings,0.0
2025-03-31,Utah Jazz,106.2,Charlotte Hornets,113.8,Charlotte Hornets,7.6
2025-03-31,Miami Heat,118.3,Washington Wizards,103.5,Miami Heat,14.7
2025-04-01,Portland Trail Blazers,116.9,Atlanta Hawks,112.9,Portland Trail Blazers,4.0
2025-04-01,Philadelphia 76ers,110.1,New York Knicks,110.3,New York Knicks,0.2
2025-04-01,Toronto Raptors,111.4,Chicago Bulls,118.9,Chicago Bulls,7.4
2025-04-01,Golden State Warriors,101.5,Memphis Grizzlies,108.0,Memphis Grizzlies,6.5
2025-04-01,Phoenix Suns,114.7,Milwaukee Bucks,104.7,Phoenix Suns,10.0
2025-04-01,Minnesota Timberwolves,113.7,Denver Nuggets,109.4,Minnesota Timberwolves,4.4
2025-04-02,Detroit Pistons,103.0,Oklahoma City Thunder,110.5,Oklahoma City Thunder,7.5
2025-04-02,San Antonio Spurs,122.3,Denver Nuggets,118.7,San Antonio Spurs,3.6
2025-04-02,Atlanta Hawks,109.3,Dallas Mavericks,123.2,Dallas Mavericks,13.9
2025-04-02,Utah Jazz,104.0,Houston Rockets,117.1,Houston Rockets,13.0
2025-04-02,New Orleans Pelicans,108.8,Los Angeles Clippers,119.0,Los Angeles Clippers,10.2
2025-04-02,Sacramento Kings,116.6,Washington Wizards,99.0,Sacramento Kings,17.6
2025-04-02,Charlotte Hornets,117.1,Indiana Pacers,118.4,Indiana Pacers,1.3
2025-04-02,New York Knicks,124.4,Cleveland Cavaliers,128.6,Cleveland Cavaliers,4.2
2025-04-02,Miami Heat,105.6,Boston Celtics,109.2,Boston Celtics,3.6
2025-04-03,Orlando Magic,116.3,Washington Wizards,94.3,Orlando Magic,22.0
2025-04-03,Minnesota Timberwolves,109.1,Brooklyn Nets,106.3,Minnesota Timberwolves,2.8
2025-04-03,Memphis Grizzlies,119.9,Miami Heat,113.4,Memphis Grizzlies,6.5
2025-04-03,Milwaukee Bucks,105.8,Philadelphia 76ers,102.8,Milwaukee Bucks,3.0
2025-04-03,Portland Trail Blazers,103.8,Toronto Raptors,101.6,Portland Trail Blazers,2.2
2025-04-03,Golden State Warriors,108.0,Los Angeles Lakers,101.5,Golden State Warriors,6.5
2025-04-04,New Orleans Pelicans,113.0,Los Angeles Lakers,114.2,Los Angeles Lakers,1.2
2025-04-04,Dallas Mavericks,117.1,Los Angeles Clippers,106.1,Dallas Mavericks,11.0
2025-04-04,Denver Nuggets,112.9,Golden State Warriors,112.4,Denver Nuggets,0.5
2025-04-04,Cleveland Cavaliers,123.1,San Antonio Spurs,117.9,Cleveland Cavaliers,5.1
2025-04-04,Oklahoma City Thunder,104.8,Houston Rockets,99.6,Oklahoma City Thunder,5.2
2025-04-04,Portland Trail Blazers,117.6,Chicago Bulls,124.5,Chicago Bulls,6.8
2025-04-04,Phoenix Suns,108.1,Boston Celtics,117.6,Boston Celtics,9.6
2025-04-04,Utah Jazz,114.3,Indiana Pacers,123.5,Indiana Pacers,9.3
2025-04-04,Sacramento Kings,105.3,Charlotte Hornets,105.1,Sacramento Kings,0.3
2025-04-04,Detroit Pistons,110.1,Toronto Raptors,104.3,Detroit Pistons,5.8
2025-04-05,New York Knicks,121.1,Atlanta Hawks,118.3,New York Knicks,2.7
2025-04-05,Memphis Grizzlies,114.8,Detroit Pistons,109.0,Memphis Grizzlies,5.8
2025-04-05,Minnesota Timberwolves,108.3,Philadelphia 76ers,98.8,Minnesota Timberwolves,9.5
2025-04-05,Milwaukee Bucks,108.0,Miami Heat,110.1,Miami Heat,2.1
2025-04-05,Dallas Mavericks,117.1,Los Angeles Clippers,106.1,Dallas Mavericks,11.0
2025-04-06,San Antonio Spurs,111.9,Portland Trail Blazers,104.4,San Antonio Spurs,7.5
2025-04-06,Houston Rockets,107.6,Golden State Warriors,110.9,Golden State Warriors,3.3
2025-04-06,Phoenix Suns,119.0,New York Knicks,119.5,New York Knicks,0.5
2025-04-06,Orlando Magic,115.5,New Orleans Pelicans,100.5,Orlando Magic,15.0
2025-04-06,Sacramento Kings,116.1,Cleveland Cavaliers,125.9,Cleveland Cavaliers,9.8
2025-04-06,Indiana Pacers,120.5,Denver Nuggets,118.5,Indiana Pacers,2.1
2025-04-06,Utah Jazz,119.6,Atlanta Hawks,121.7,Atlanta Hawks,2.1
2025-04-06,Chicago Bulls,112.6,Charlotte Hornets,113.6,Charlotte Hornets,1.1
2025-04-06,Washington Wizards,107.2,Boston Celtics,119.6,Boston Celtics,12.4
2025-04-06,Los Angeles Lakers,106.1,Oklahoma City Thunder,112.7,Oklahoma City Thunder,6.6
2025-04-06,Toronto Raptors,112.4,Brooklyn Nets,114.0,Brooklyn Nets,1.6
2025-04-07,Sacramento Kings,103.2,Detroit Pistons,103.7,Detroit Pistons,0.4
2025-04-07,Philadelphia 76ers,102.3,Miami Heat,109.1,Miami Heat,6.8
2025-04-08,San Antonio Spurs,117.7,Los Angeles Clippers,113.9,San Antonio Spurs,3.8
2025-04-08,Minnesota Timberwolves,116.6,Milwaukee Bucks,101.4,Minnesota Timberwolves,15.3
2025-04-08,Boston Celtics,120.6,New York Knicks,116.5,Boston Celtics,4.1
2025-04-08,New Orleans Pelicans,114.2,Brooklyn Nets,118.2,Brooklyn Nets,4.0
2025-04-08,Golden State Warriors,102.3,Phoenix Suns,103.5,Phoenix Suns,1.3
2025-04-08,Washington Wizards,110.9,Indiana Pacers,119.4,Indiana Pacers,8.6
2025-04-08,Atlanta Hawks,106.5,Orlando Magic,118.6,Orlando Magic,12.1
2025-04-08,Memphis Grizzlies,114.4,Charlotte Hornets,110.7,Memphis Grizzlies,3.8
2025-04-08,Los Angeles Lakers,106.1,Oklahoma City Thunder,112.7,Oklahoma City Thunder,6.6
2025-04-08,Chicago Bulls,124.5,Cleveland Cavaliers,135.5,Cleveland Cavaliers,11.0
2025-04-09,Boston Celtics,110.1,Orlando Magic,116.8,Orlando Magic,6.7
2025-04-09,Philadelphia 76ers,111.9,Washington Wizards,104.7,Philadelphia 76ers,7.2
2025-04-09,Los Angeles Lakers,106.3,Dallas Mavericks,117.5,Dallas Mavericks,11.2
2025-04-09,Miami Heat,120.1,Chicago Bulls,118.9,Miami Heat,1.3
2025-04-09,New Orleans Pelicans,110.5,Milwaukee Bucks,105.7,New Orleans Pelicans,4.8
2025-04-09,Portland Trail Blazers,121.3,Utah Jazz,109.9,Portland Trail Blazers,11.5
2025-04-09,San Antonio Spurs,112.1,Golden State Warriors,113.0,Golden State Warriors,0.9
2025-04-09,Oklahoma City Thunder,111.9,Phoenix Suns,105.1,Oklahoma City Thunder,6.8
2025-04-09,Denver Nuggets,115.3,Sacramento Kings,109.0,Denver Nuggets,6.3
2025-04-09,Houston Rockets,118.3,Los Angeles Clippers,110.4,Houston Rockets,8.0
2025-04-09,Charlotte Hornets,109.3,Toronto Raptors,104.3,Charlotte Hornets,5.0
2025-04-10,Minnesota Timberwolves,111.2,Memphis Grizzlies,114.5,Memphis Grizzlies,3.2
2025-04-10,Atlanta Hawks,119.0,Brooklyn Nets,119.9,Brooklyn Nets,0.9
2025-04-10,New York Knicks,118.6,Detroit Pistons,117.5,New York Knicks,1.0
2025-04-10,Cleveland Cavaliers,128.1,Indiana Pacers,120.8,Cleveland Cavaliers,7.3
2025-04-11,Houston Rockets,124.6,Los Angeles Lakers,107.2,Houston Rockets,17.4
2025-04-11,Golden State Warriors,106.9,Portland Trail Blazers,99.8,Golden State Warriors,7.0
2025-04-11,San Antonio Spurs,122.2,Phoenix Suns,116.1,San Antonio Spurs,6.1
2025-04-11,Oklahoma City Thunder,117.1,Utah Jazz,101.6,Oklahoma City Thunder,15.5
2025-04-11,Brooklyn Nets,112.6,Minnesota Timberwolves,114.5,Minnesota Timberwolves,1.9
2025-04-11,Memphis Grizzlies,120.1,Denver Nuggets,114.0,Memphis Grizzlies,6.1
2025-04-11,Toronto Raptors,98.4,Dallas Mavericks,112.7,Dallas Mavericks,14.3
2025-04-11,Los Angeles Clippers,114.4,Sacramento Kings,109.6,Los Angeles Clippers,4.8
2025-04-11,Washington Wizards,114.0,Chicago Bulls,121.4,Chicago Bulls,7.4
2025-04-11,Cleveland Cavaliers,125.5,New York Knicks,120.4,Cleveland Cavaliers,5.1
2025-04-11,Charlotte Hornets,106.1,Boston Celtics,113.3,Boston Celtics,7.2
2025-04-11,Atlanta Hawks,123.3,Philadelphia 76ers,112.8,Atlanta Hawks,10.4
2025-04-11,Orlando Magic,123.5,Indiana Pacers,107.7,Orlando Magic,15.8
2025-04-11,Milwaukee Bucks,108.0,Detroit Pistons,109.9,Detroit Pistons,1.9
2025-04-11,Miami Heat,108.9,New Orleans Pelicans,104.4,Miami Heat,4.5
2025-04-13,Los Angeles Lakers,108.6,Portland Trail Blazers,106.4,Los Angeles Lakers,2.2
2025-04-13,Oklahoma City Thunder,114.2,New Orleans Pelicans,102.9,Oklahoma City Thunder,11.4
2025-04-13,Utah Jazz,110.7,Minnesota Timberwolves,122.7,Minnesota Timberwolves,12.0
2025-04-13,Dallas Mavericks,112.8,Memphis Grizzlies,112.5,Dallas Mavericks,0.2
2025-04-13,Denver Nuggets,114.4,Houston Rockets,106.1,Denver Nuggets,8.3
2025-04-13,Los Angeles Clippers,108.9,Golden State Warriors,111.6,Golden State Warriors,2.7
2025-04-13,Indiana Pacers,122.9,Cleveland Cavaliers,130.0,Cleveland Cavaliers,7.1
2025-04-13,Detroit Pistons,113.7,Milwaukee Bucks,103.7,Detroit Pistons,10.0
2025-04-13,Washington Wizards,106.6,Miami Heat,115.1,Miami Heat,8.5
2025-04-13,New York Knicks,117.3,Brooklyn Nets,115.6,New York Knicks,1.7
2025-04-13,Charlotte Hornets,106.1,Boston Celtics,113.3,Boston Celtics,7.2
2025-04-13,Orlando Magic,119.7,Atlanta Hawks,104.6,Orlando Magic,15.1
2025-04-13,Phoenix Suns,114.5,Sacramento Kings,111.4,Phoenix Suns,3.1
2025-04-13,Chicago Bulls,114.2,Philadelphia 76ers,110.7,Chicago Bulls,3.5
2025-04-13,Toronto Raptors,103.9,San Antonio Spurs,112.5,San Antonio Spurs,8.6
