,away_basic_MP,away_basic_FG,away_basic_FGA,away_basic_FG%,away_basic_3P,away_basic_3PA,away_basic_3P%,away_basic_FT,away_basic_FTA,away_basic_FT%,away_basic_ORB,away_basic_DRB,away_basic_TRB,away_basic_AST,away_basic_STL,away_basic_BLK,away_basic_TOV,away_basic_PF,away_basic_PTS,away_advanced_MP,away_advanced_TS%,away_advanced_eFG%,away_advanced_3PAr,away_advanced_FTr,away_advanced_ORB%,away_advanced_DRB%,away_advanced_TRB%,away_advanced_AST%,away_advanced_STL%,away_advanced_BLK%,away_advanced_TOV%,away_advanced_USG%,away_advanced_ORtg,away_advanced_DRtg,home_basic_MP,home_basic_FG,home_basic_FGA,home_basic_FG%,home_basic_3P,home_basic_3PA,home_basic_3P%,home_basic_FT,home_basic_FTA,home_basic_FT%,home_basic_ORB,home_basic_DRB,home_basic_TRB,home_basic_AST,home_basic_STL,home_basic_BLK,home_basic_TOV,home_basic_PF,home_basic_PTS,home_advanced_MP,home_advanced_TS%,home_advanced_eFG%,home_advanced_3PAr,home_advanced_FTr,home_advanced_ORB%,home_advanced_DRB%,home_advanced_TRB%,home_advanced_AST%,home_advanced_STL%,home_advanced_BLK%,home_advanced_TOV%,home_advanced_USG%,home_advanced_ORtg,home_advanced_DRtg,Date,Away,AwayPoints,Home,HomePoints,HomeAbbreviation,AwayAbbreviation,GameUrl,A_Team,B_Team,Winner,PointDifferential
0,240,44,100,0.44,13,42,0.31,11,17,0.647,15,26,41,21,15,5,16,18,112,240,0.521,0.505,0.42,0.17,27.3,70.3,44.6,47.7,14.1,8.6,13.0,100.0,104.9,116.2,240,49,96,0.51,10,38,0.263,16,20,0.8,11,40,51,30,12,4,18,15,124,240,0.592,0.563,0.396,0.208,29.7,72.7,55.4,61.2,11.2,6.9,14.7,100.0,116.2,104.9,2024-12-02,New Orleans Pelicans,112.0,Atlanta Hawks,124.0,ATL,NOP,https://www.basketball-reference.com/boxscores/202412020ATL.html,Atlanta Hawks,New Orleans Pelicans,Home,12.0
1,240,31,87,0.356,8,35,0.229,19,23,0.826,11,33,44,24,6,1,10,11,89,240,0.458,0.402,0.402,0.264,21.6,70.2,44.9,77.4,6.4,2.9,9.3,100.0,94.4,114.6,240,39,89,0.438,19,55,0.345,11,13,0.846,14,40,54,25,5,9,17,20,108,240,0.57,0.545,0.618,0.146,29.8,78.4,55.1,64.1,5.3,17.3,15.2,100.0,114.6,94.4,2024-12-02,Miami Heat,89.0,Boston Celtics,108.0,BOS,MIA,https://www.basketball-reference.com/boxscores/202412020BOS.html,Boston Celtics,Miami Heat,Home,19.0
2,240,38,95,0.4,14,42,0.333,12,15,0.8,10,31,41,24,9,5,13,19,102,240,0.502,0.474,0.442,0.158,18.9,73.8,43.2,63.2,8.7,11.1,11.3,100.0,98.7,123.8,240,48,92,0.522,16,47,0.34,16,19,0.842,11,43,54,33,8,5,17,16,128,240,0.638,0.609,0.511,0.207,26.2,81.1,56.8,68.8,7.7,9.4,14.5,100.0,123.8,98.7,2024-12-02,Brooklyn Nets,102.0,Chicago Bulls,128.0,CHI,BRK,https://www.basketball-reference.com/boxscores/202412020CHI.html,Brooklyn Nets,Chicago Bulls,Home,26.0
3,240,32,79,0.405,6,31,0.194,10,14,0.714,9,30,39,19,8,2,21,16,80,240,0.47,0.443,0.392,0.177,20.0,81.1,47.6,59.4,8.4,4.3,19.8,100.0,84.5,115.1,240,41,81,0.506,15,35,0.429,12,15,0.8,7,36,43,31,11,2,15,17,109,240,0.622,0.599,0.432,0.185,18.9,80.0,52.4,75.6,11.6,4.2,14.6,100.0,115.1,84.5,2024-12-02,Los Angeles Lakers,80.0,Minnesota Timberwolves,109.0,MIN,LAL,https://www.basketball-reference.com/boxscores/202412020MIN.html,Los Angeles Lakers,Minnesota Timberwolves,Home,29.0
4,240,38,82,0.463,16,40,0.4,18,20,0.9,8,23,31,26,9,3,12,22,110,240,0.606,0.561,0.488,0.244,20.0,60.5,39.7,68.4,9.9,7.0,11.7,100.0,121.1,114.5,240,34,77,0.442,13,34,0.382,23,28,0.821,15,32,47,22,5,3,19,17,104,240,0.582,0.526,0.442,0.364,39.5,80.0,60.3,64.7,5.5,7.1,17.5,100.0,114.5,121.1,2024-12-03,Philadelphia 76ers,110.0,Charlotte Hornets,104.0,CHO,PHI,https://www.basketball-reference.com/boxscores/202412030CHO.html,Charlotte Hornets,Philadelphia 76ers,Away,-6.0
5,240,32,83,0.386,4,26,0.154,19,25,0.76,13,39,52,18,4,8,21,21,87,240,0.463,0.41,0.313,0.301,25.5,84.8,53.6,56.3,3.9,18.6,18.3,100.0,85.9,116.5,240,43,89,0.483,16,46,0.348,16,25,0.64,7,38,45,31,11,4,11,20,118,240,0.59,0.573,0.517,0.281,15.2,74.5,46.4,72.1,10.9,7.0,9.9,100.0,116.5,85.9,2024-12-03,Washington Wizards,87.0,Cleveland Cavaliers,118.0,CLE,WAS,https://www.basketball-reference.com/boxscores/202412030CLE.html,Cleveland Cavaliers,Washington Wizards,Home,31.0
6,240,45,80,0.563,23,41,0.561,15,21,0.714,4,32,36,26,10,6,18,17,128,240,0.717,0.706,0.513,0.263,12.5,71.1,46.8,57.8,10.0,11.1,16.8,100.0,127.4,106.5,240,40,87,0.46,11,33,0.333,16,22,0.727,13,28,41,22,11,7,18,21,107,240,0.553,0.523,0.379,0.253,28.9,87.5,53.2,55.0,10.9,17.9,15.7,100.0,106.5,127.4,2024-12-03,Milwaukee Bucks,128.0,Detroit Pistons,107.0,DET,MIL,https://www.basketball-reference.com/boxscores/202412030DET.html,Detroit Pistons,Milwaukee Bucks,Away,-21.0
7,240,38,87,0.437,9,39,0.231,21,25,0.84,9,29,38,20,9,4,16,19,106,240,0.541,0.489,0.448,0.287,20.9,85.3,49.4,52.6,8.7,8.0,14.0,100.0,102.2,116.7,240,43,85,0.506,15,35,0.429,20,20,1.0,5,34,39,30,6,4,19,25,121,240,0.645,0.594,0.412,0.235,14.7,79.1,50.6,69.8,5.8,8.3,16.8,100.0,116.7,102.2,2024-12-03,Orlando Magic,106.0,New York Knicks,121.0,NYK,ORL,https://www.basketball-reference.com/boxscores/202412030NYK.html,New York Knicks,Orlando Magic,Home,15.0
8,240,38,84,0.452,12,30,0.4,23,28,0.821,9,25,34,21,8,6,21,23,111,240,0.576,0.524,0.357,0.333,20.0,80.6,44.7,55.3,7.5,12.5,17.9,100.0,104.6,114.9,240,44,81,0.543,13,33,0.394,21,29,0.724,6,36,42,28,9,4,21,26,122,240,0.651,0.623,0.407,0.358,19.4,80.0,55.3,63.6,8.5,7.4,18.3,100.0,114.9,104.6,2024-12-03,Indiana Pacers,111.0,Toronto Raptors,122.0,TOR,IND,https://www.basketball-reference.com/boxscores/202412030TOR.html,Indiana Pacers,Toronto Raptors,Home,11.0
9,240,38,70,0.543,13,35,0.371,17,22,0.773,11,25,36,21,3,6,29,14,106,240,0.665,0.636,0.5,0.314,36.7,62.5,51.4,55.3,3.2,10.9,26.7,100.0,111.6,140.0,240,53,102,0.52,17,47,0.362,10,11,0.909,15,19,34,32,18,3,8,23,133,240,0.622,0.603,0.461,0.108,37.5,63.3,48.6,60.4,18.9,8.6,7.0,100.0,140.0,111.6,2024-12-03,Utah Jazz,106.0,Oklahoma City Thunder,133.0,OKC,UTA,https://www.basketball-reference.com/boxscores/202412030OKC.html,Oklahoma City Thunder,Utah Jazz,Home,27.0
10,240,45,97,0.464,13,40,0.325,13,14,0.929,13,26,39,27,15,3,19,29,116,240,0.562,0.531,0.412,0.144,27.1,65.0,44.3,60.0,14.0,6.1,15.6,100.0,108.2,112.9,240,39,81,0.481,13,32,0.406,30,44,0.682,14,35,49,24,8,8,25,23,121,240,0.603,0.562,0.395,0.543,35.0,72.9,55.7,61.5,7.5,14.0,19.9,100.0,112.9,108.2,2024-12-03,Memphis Grizzlies,116.0,Dallas Mavericks,121.0,DAL,MEM,https://www.basketball-reference.com/boxscores/202412030DAL.html,Dallas Mavericks,Memphis Grizzlies,Home,5.0
11,240,35,100,0.35,8,44,0.182,15,20,0.75,18,35,53,26,9,2,14,17,93,240,0.427,0.39,0.44,0.2,30.0,94.6,54.6,74.3,9.0,4.3,11.4,100.0,93.4,104.4,240,38,78,0.487,11,32,0.344,17,21,0.81,2,42,44,26,10,5,14,16,104,240,0.596,0.558,0.41,0.269,5.4,70.0,45.4,68.4,10.0,8.9,13.8,100.0,104.4,93.4,2024-12-03,San Antonio Spurs,93.0,Phoenix Suns,104.0,PHO,SAS,https://www.basketball-reference.com/boxscores/202412030PHO.html,Phoenix Suns,San Antonio Spurs,Home,11.0
12,240,44,95,0.463,12,38,0.316,15,21,0.714,11,37,48,36,12,3,15,25,115,240,0.552,0.526,0.4,0.221,24.4,90.2,55.8,81.8,11.5,5.5,12.6,100.0,110.1,113.9,240,40,79,0.506,11,24,0.458,28,35,0.8,4,34,38,32,9,5,15,15,119,240,0.63,0.576,0.304,0.443,9.8,75.6,44.2,80.0,8.6,8.8,13.7,100.0,113.9,110.1,2024-12-03,Golden State Warriors,115.0,Denver Nuggets,119.0,DEN,GSW,https://www.basketball-reference.com/boxscores/202412030DEN.html,Denver Nuggets,Golden State Warriors,Home,4.0
13,240,41,93,0.441,14,39,0.359,15,21,0.714,18,35,53,14,6,1,16,23,111,240,0.543,0.516,0.419,0.226,42.9,77.8,60.9,34.1,6.2,1.6,13.5,100.0,115.6,124.9,240,47,91,0.516,14,30,0.467,12,20,0.6,10,24,34,33,7,8,10,20,120,240,0.601,0.593,0.33,0.22,22.2,57.1,39.1,70.2,7.3,14.8,9.1,100.0,124.9,115.6,2024-12-03,Houston Rockets,111.0,Sacramento Kings,120.0,SAC,HOU,https://www.basketball-reference.com/boxscores/202412030SAC.html,Houston Rockets,Sacramento Kings,Home,9.0
14,240,41,80,0.513,10,29,0.345,13,16,0.813,11,18,29,25,6,4,18,15,105,240,0.603,0.575,0.363,0.2,31.4,62.1,45.3,61.0,6.6,8.3,17.1,100.0,115.6,139.8,240,47,85,0.553,19,37,0.514,14,17,0.824,11,24,35,29,8,8,14,14,127,240,0.687,0.665,0.435,0.2,37.9,68.6,54.7,61.7,8.8,15.7,13.1,100.0,139.8,115.6,2024-12-03,Portland Trail Blazers,105.0,Los Angeles Clippers,127.0,LAC,POR,https://www.basketball-reference.com/boxscores/202412030LAC.html,Los Angeles Clippers,Portland Trail Blazers,Home,22.0
15,240,43,84,0.512,20,39,0.513,14,18,0.778,8,26,34,27,10,5,19,21,120,240,0.653,0.631,0.464,0.214,21.6,65.0,44.2,62.8,9.9,12.2,17.1,100.0,118.6,128.5,240,45,94,0.479,21,53,0.396,19,25,0.76,14,29,43,30,11,7,16,14,130,240,0.619,0.59,0.564,0.266,35.0,78.4,55.8,66.7,10.9,15.6,13.2,100.0,128.5,118.6,2024-12-04,Detroit Pistons,120.0,Boston Celtics,130.0,BOS,DET,https://www.basketball-reference.com/boxscores/202412040BOS.html,Boston Celtics,Detroit Pistons,Home,10.0
16,240,32,75,0.427,8,33,0.242,18,22,0.818,5,34,39,20,6,10,16,19,90,240,0.531,0.48,0.44,0.293,12.2,82.9,47.6,62.5,6.2,22.2,15.9,100.0,93.3,102.6,240,35,81,0.432,12,36,0.333,17,23,0.739,7,36,43,24,12,6,17,18,99,240,0.543,0.506,0.444,0.284,17.1,87.8,52.4,68.6,12.4,14.3,15.7,100.0,102.6,93.3,2024-12-04,Indiana Pacers,90.0,Brooklyn Nets,99.0,BRK,IND,https://www.basketball-reference.com/boxscores/202412040BRK.html,Brooklyn Nets,Indiana Pacers,Home,9.0
17,240,37,88,0.42,5,22,0.227,14,19,0.737,12,24,36,29,9,4,13,8,93,240,0.483,0.449,0.25,0.216,23.5,64.9,40.9,78.4,9.4,9.3,11.9,100.0,97.3,140.3,240,52,90,0.578,24,47,0.511,6,9,0.667,13,39,52,42,11,5,16,16,134,240,0.713,0.711,0.522,0.1,35.1,76.5,59.1,80.8,11.5,7.6,14.6,100.0,140.3,97.3,2024-12-04,Los Angeles Lakers,93.0,Miami Heat,134.0,MIA,LAL,https://www.basketball-reference.com/boxscores/202412040MIA.html,Los Angeles Lakers,Miami Heat,Home,41.0
18,240,41,84,0.488,8,29,0.276,16,21,0.762,16,26,42,21,13,7,14,18,106,240,0.568,0.536,0.345,0.25,39.0,72.2,54.5,51.2,14.5,13.5,13.1,100.0,118.1,113.6,240,40,82,0.488,11,30,0.367,11,19,0.579,10,25,35,23,9,1,14,19,102,240,0.564,0.555,0.366,0.232,27.8,61.0,45.5,57.5,10.0,1.8,13.4,100.0,113.6,118.1,2024-12-04,Orlando Magic,106.0,Philadelphia 76ers,102.0,PHI,ORL,https://www.basketball-reference.com/boxscores/202412040PHI.html,Orlando Magic,Philadelphia 76ers,Away,-4.0
19,240,45,102,0.441,9,32,0.281,20,22,0.909,15,39,54,29,16,3,14,25,119,240,0.533,0.485,0.314,0.216,31.9,83.0,57.4,64.4,15.4,9.1,11.1,100.0,114.9,100.4,240,33,78,0.423,15,45,0.333,23,35,0.657,8,32,40,23,7,4,18,22,104,240,0.557,0.519,0.577,0.449,17.0,68.1,42.6,69.7,6.8,5.7,16.2,100.0,100.4,114.9,2024-12-04,Atlanta Hawks,119.0,Milwaukee Bucks,104.0,MIL,ATL,https://www.basketball-reference.com/boxscores/202412040MIL.html,Atlanta Hawks,Milwaukee Bucks,Away,-15.0
20,240,41,85,0.482,16,44,0.364,10,18,0.556,7,43,50,31,15,5,15,16,108,240,0.581,0.576,0.518,0.212,16.3,81.1,52.1,75.6,15.0,11.6,13.9,100.0,108.1,80.1,240,29,83,0.349,11,40,0.275,11,13,0.846,10,36,46,13,7,2,23,16,80,240,0.451,0.416,0.482,0.157,18.9,83.7,47.9,44.8,7.0,4.9,20.6,100.0,80.1,108.1,2024-12-04,Minnesota Timberwolves,108.0,Los Angeles Clippers,80.0,LAC,MIN,https://www.basketball-reference.com/boxscores/202412040LAC.html,Los Angeles Clippers,Minnesota Timberwolves,Away,-28.0
21,240,46,96,0.479,6,24,0.25,16,22,0.727,9,40,49,25,12,5,16,13,114,240,0.539,0.51,0.25,0.229,19.1,81.6,51.0,54.3,11.0,10.9,13.1,100.0,104.2,115.2,240,47,94,0.5,22,48,0.458,10,16,0.625,9,38,47,32,9,3,17,17,126,240,0.624,0.617,0.511,0.17,18.4,80.9,49.0,68.1,8.2,4.2,14.4,100.0,115.2,104.2,2024-12-05,Denver Nuggets,114.0,Cleveland Cavaliers,126.0,CLE,DEN,https://www.basketball-reference.com/boxscores/202412050CLE.html,Cleveland Cavaliers,Denver Nuggets,Home,12.0
22,240,48,89,0.539,20,38,0.526,21,27,0.778,13,45,58,27,8,12,16,16,137,240,0.679,0.652,0.427,0.303,32.5,78.9,59.8,56.3,7.8,20.3,13.7,100.0,133.6,98.5,240,39,99,0.394,13,40,0.325,10,15,0.667,12,27,39,25,10,3,12,19,101,240,0.478,0.46,0.404,0.152,21.1,67.5,40.2,64.1,9.8,5.9,10.2,100.0,98.5,133.6,2024-12-05,Dallas Mavericks,137.0,Washington Wizards,101.0,WAS,DAL,https://www.basketball-reference.com/boxscores/202412050WAS.html,Dallas Mavericks,Washington Wizards,Away,-36.0
23,240,40,89,0.449,15,39,0.385,6,10,0.6,10,30,40,27,3,4,11,22,101,240,0.541,0.534,0.438,0.112,21.3,83.3,48.2,67.5,3.3,9.3,10.5,100.0,109.5,135.6,240,41,76,0.539,18,33,0.545,25,32,0.781,6,37,43,29,7,4,9,13,125,240,0.694,0.658,0.434,0.421,16.7,78.7,51.8,70.7,7.6,8.0,9.1,100.0,135.6,109.5,2024-12-05,Charlotte Hornets,101.0,New York Knicks,125.0,NYK,CHO,https://www.basketball-reference.com/boxscores/202412050NYK.html,Charlotte Hornets,New York Knicks,Home,24.0
24,240,49,102,0.48,17,47,0.362,14,17,0.824,13,42,55,28,15,11,6,16,129,240,0.589,0.564,0.461,0.167,25.0,77.8,51.9,57.1,14.6,24.4,5.2,100.0,126.0,89.8,240,32,90,0.356,11,45,0.244,17,20,0.85,12,39,51,24,5,7,20,16,92,240,0.466,0.417,0.5,0.222,22.2,75.0,48.1,75.0,4.9,12.7,16.8,100.0,89.8,126.0,2024-12-05,Oklahoma City Thunder,129.0,Toronto Raptors,92.0,TOR,OKC,https://www.basketball-reference.com/boxscores/202412050TOR.html,Oklahoma City Thunder,Toronto Raptors,Away,-37.0
25,240,39,98,0.398,8,35,0.229,24,28,0.857,14,32,46,19,11,1,13,23,110,240,0.499,0.439,0.357,0.286,25.9,78.0,48.4,48.7,10.4,2.4,10.5,100.0,104.4,109.1,240,38,80,0.475,13,38,0.342,26,32,0.813,9,40,49,27,9,5,22,21,115,240,0.611,0.556,0.475,0.4,22.0,74.1,51.6,71.1,8.5,7.9,19.0,100.0,109.1,104.4,2024-12-05,Sacramento Kings,110.0,Memphis Grizzlies,115.0,MEM,SAC,https://www.basketball-reference.com/boxscores/202412050MEM.html,Memphis Grizzlies,Sacramento Kings,Home,5.0
26,240,43,85,0.506,17,45,0.378,21,26,0.808,10,36,46,32,10,3,17,15,124,240,0.643,0.606,0.529,0.306,23.8,75.0,51.1,74.4,9.7,5.1,15.0,100.0,119.9,121.8,240,47,95,0.495,14,36,0.389,18,25,0.72,12,32,44,23,13,4,13,24,126,240,0.594,0.568,0.379,0.263,25.0,76.2,48.9,48.9,12.6,10.0,10.9,100.0,121.8,119.9,2024-12-05,Phoenix Suns,124.0,New Orleans Pelicans,126.0,NOP,PHO,https://www.basketball-reference.com/boxscores/202412050NOP.html,New Orleans Pelicans,Phoenix Suns,Home,2.0
27,240,52,90,0.578,17,37,0.459,18,23,0.783,11,39,50,36,6,5,19,26,139,240,0.694,0.672,0.411,0.256,29.7,72.2,54.9,69.2,5.6,7.5,16.0,100.0,130.8,116.7,240,44,95,0.463,8,28,0.286,28,39,0.718,15,26,41,26,11,4,11,17,124,240,0.553,0.505,0.295,0.411,27.8,70.3,45.1,59.1,10.4,7.5,8.9,100.0,116.7,130.8,2024-12-05,Chicago Bulls,139.0,San Antonio Spurs,124.0,SAS,CHI,https://www.basketball-reference.com/boxscores/202412050SAS.html,Chicago Bulls,San Antonio Spurs,Away,-15.0
28,240,35,93,0.376,10,38,0.263,13,17,0.765,11,34,45,20,9,9,8,20,93,240,0.463,0.43,0.409,0.183,20.4,75.6,45.5,57.1,9.5,15.5,7.4,100.0,98.5,104.8,240,36,86,0.419,9,28,0.321,18,27,0.667,11,43,54,19,5,3,10,16,99,240,0.506,0.471,0.326,0.314,24.4,79.6,54.5,52.8,5.3,5.5,9.3,100.0,104.8,98.5,2024-12-05,Houston Rockets,93.0,Golden State Warriors,99.0,GSW,HOU,https://www.basketball-reference.com/boxscores/202412050GSW.html,Golden State Warriors,Houston Rockets,Home,6.0
29,240,33,78,0.423,13,46,0.283,15,17,0.882,8,30,38,21,8,6,21,23,94,240,0.55,0.506,0.59,0.218,22.9,75.0,50.7,63.6,8.4,11.3,19.7,100.0,98.7,107.1,240,38,79,0.481,7,26,0.269,19,29,0.655,10,27,37,23,11,0,16,19,102,240,0.556,0.525,0.329,0.367,25.0,77.1,49.3,60.5,11.6,0.0,14.8,100.0,107.1,98.7,2024-12-06,Orlando Magic,94.0,Philadelphia 76ers,102.0,PHI,ORL,https://www.basketball-reference.com/boxscores/202412060PHI.html,Orlando Magic,Philadelphia 76ers,Home,8.0
30,265,51,99,0.515,16,35,0.457,14,16,0.875,6,34,40,33,11,10,15,24,132,265,0.622,0.596,0.354,0.162,14.0,75.6,45.5,64.7,9.7,16.7,12.4,100.0,116.8,118.6,265,50,100,0.5,17,40,0.425,17,22,0.773,11,37,48,40,10,5,17,24,134,265,0.611,0.585,0.4,0.22,24.4,86.0,54.5,80.0,8.9,7.8,13.4,100.0,118.6,116.8,2024-12-06,Los Angeles Lakers,132.0,Atlanta Hawks,134.0,ATL,LAL,https://www.basketball-reference.com/boxscores/202412060ATL.html,Atlanta Hawks,Los Angeles Lakers,Home,2.0
31,240,40,94,0.426,11,29,0.379,14,17,0.824,12,39,51,16,4,2,9,16,105,240,0.517,0.484,0.309,0.181,26.1,84.8,55.4,40.0,4.3,5.9,8.1,100.0,112.6,119.1,240,40,87,0.46,17,53,0.321,14,16,0.875,7,34,41,27,5,6,6,18,111,240,0.59,0.557,0.609,0.184,15.2,73.9,44.6,67.5,5.4,9.2,6.0,100.0,119.1,112.6,2024-12-06,Milwaukee Bucks,105.0,Boston Celtics,111.0,BOS,MIL,https://www.basketball-reference.com/boxscores/202412060BOS.html,Boston Celtics,Milwaukee Bucks,Home,6.0
32,240,52,92,0.565,18,30,0.6,10,12,0.833,7,39,46,33,9,4,13,10,132,240,0.678,0.663,0.326,0.13,18.9,83.0,54.8,63.5,8.7,8.5,11.8,100.0,128.0,119.3,240,46,97,0.474,21,50,0.42,10,12,0.833,8,30,38,33,8,6,12,13,123,240,0.601,0.582,0.515,0.124,17.0,81.1,45.2,71.7,7.8,9.7,10.5,100.0,119.3,128.0,2024-12-06,Indiana Pacers,132.0,Chicago Bulls,123.0,CHI,IND,https://www.basketball-reference.com/boxscores/202412060CHI.html,Chicago Bulls,Indiana Pacers,Away,-9.0
33,240,51,90,0.567,16,34,0.471,22,24,0.917,7,37,44,33,7,6,11,20,140,240,0.696,0.656,0.378,0.267,18.9,75.5,51.2,64.7,6.8,12.0,9.9,100.0,135.9,109.7,240,39,91,0.429,14,41,0.341,21,30,0.7,12,30,42,28,8,5,14,20,113,240,0.542,0.505,0.451,0.33,24.5,81.1,48.8,71.8,7.8,8.9,11.8,100.0,109.7,135.9,2024-12-06,Sacramento Kings,140.0,San Antonio Spurs,113.0,SAS,SAC,https://www.basketball-reference.com/boxscores/202412060SAS.html,Sacramento Kings,San Antonio Spurs,Away,-27.0
34,240,40,88,0.455,14,42,0.333,13,14,0.929,9,39,48,32,12,6,21,14,107,240,0.568,0.534,0.477,0.159,22.5,79.6,53.9,80.0,11.8,14.0,18.2,100.0,105.5,88.7,240,32,82,0.39,11,39,0.282,15,17,0.882,10,31,41,21,9,4,22,11,90,240,0.503,0.457,0.476,0.207,20.4,77.5,46.1,65.6,8.9,8.7,19.7,100.0,88.7,105.5,2024-12-06,Minnesota Timberwolves,107.0,Golden State Warriors,90.0,GSW,MIN,https://www.basketball-reference.com/boxscores/202412060GSW.html,Golden State Warriors,Minnesota Timberwolves,Away,-17.0
35,240,53,96,0.552,14,32,0.438,21,23,0.913,11,50,61,34,6,11,14,17,141,240,0.664,0.625,0.333,0.24,28.2,89.3,64.2,64.2,5.7,22.9,11.7,100.0,132.8,93.2,240,37,95,0.389,14,47,0.298,11,17,0.647,6,28,34,23,4,7,11,22,99,240,0.483,0.463,0.495,0.179,10.7,71.8,35.8,62.2,3.8,10.9,9.7,100.0,93.2,132.8,2024-12-06,Utah Jazz,141.0,Portland Trail Blazers,99.0,POR,UTA,https://www.basketball-reference.com/boxscores/202412060POR.html,Portland Trail Blazers,Utah Jazz,Away,-42.0
36,240,42,84,0.5,14,38,0.368,18,24,0.75,14,33,47,28,6,6,12,20,116,240,0.613,0.583,0.452,0.286,34.1,76.7,56.0,66.7,6.6,12.8,11.3,100.0,127.0,111.7,240,37,86,0.43,11,39,0.282,17,19,0.895,10,27,37,21,6,5,11,27,102,240,0.54,0.494,0.453,0.221,23.3,65.9,44.0,56.8,6.6,10.9,10.4,100.0,111.7,127.0,2024-12-07,Cleveland Cavaliers,116.0,Charlotte Hornets,102.0,CHO,CLE,https://www.basketball-reference.com/boxscores/202412070CHO.html,Charlotte Hornets,Cleveland Cavaliers,Away,-14.0
37,240,45,85,0.529,12,32,0.375,17,21,0.81,10,35,45,27,13,3,20,24,119,240,0.631,0.6,0.376,0.247,27.0,81.4,56.3,60.0,12.9,7.1,17.5,100.0,118.1,108.2,240,38,79,0.481,11,37,0.297,22,27,0.815,8,27,35,25,15,6,18,20,109,240,0.6,0.551,0.468,0.342,18.6,73.0,43.8,65.8,14.9,11.3,16.5,100.0,108.2,118.1,2024-12-07,Oklahoma City Thunder,119.0,New Orleans Pelicans,109.0,NOP,OKC,https://www.basketball-reference.com/boxscores/202412070NOP.html,New Orleans Pelicans,Oklahoma City Thunder,Away,-10.0
38,240,46,95,0.484,5,25,0.2,16,27,0.593,16,32,48,34,11,6,15,23,113,240,0.529,0.511,0.263,0.284,34.0,68.1,51.1,73.9,10.7,11.5,12.3,100.0,110.1,118.8,240,45,93,0.484,16,41,0.39,16,22,0.727,15,31,46,31,9,12,17,21,122,240,0.594,0.57,0.441,0.237,31.9,66.0,48.9,68.9,8.8,17.1,14.2,100.0,118.8,110.1,2024-12-07,Denver Nuggets,113.0,Washington Wizards,122.0,WAS,DEN,https://www.basketball-reference.com/boxscores/202412070WAS.html,Denver Nuggets,Washington Wizards,Home,9.0
39,240,43,83,0.518,18,36,0.5,16,19,0.842,9,34,43,28,7,0,19,20,120,240,0.657,0.627,0.434,0.229,25.0,89.5,58.1,65.1,7.0,0.0,17.2,100.0,120.3,111.3,240,42,79,0.532,11,34,0.324,16,27,0.593,4,27,31,27,11,5,15,12,111,240,0.611,0.601,0.43,0.342,10.5,75.0,41.9,64.3,11.0,10.6,14.2,100.0,111.3,120.3,2024-12-07,Detroit Pistons,120.0,New York Knicks,111.0,NYK,DET,https://www.basketball-reference.com/boxscores/202412070NYK.html,Detroit Pistons,New York Knicks,Away,-9.0
40,240,38,81,0.469,17,45,0.378,32,37,0.865,14,38,52,21,10,8,18,16,125,240,0.642,0.574,0.556,0.457,31.1,82.6,57.1,55.3,9.8,14.8,15.6,100.0,122.9,116.0,240,43,93,0.462,15,39,0.385,17,18,0.944,8,31,39,37,13,3,13,22,118,240,0.585,0.543,0.419,0.194,17.4,68.9,42.9,86.0,12.8,8.3,11.4,100.0,116.0,122.9,2024-12-07,Dallas Mavericks,125.0,Toronto Raptors,118.0,TOR,DAL,https://www.basketball-reference.com/boxscores/202412070TOR.html,Dallas Mavericks,Toronto Raptors,Away,-7.0
41,240,47,94,0.5,15,33,0.455,18,23,0.783,11,41,52,25,13,7,13,25,127,240,0.61,0.58,0.351,0.245,23.4,73.2,50.5,53.2,12.1,15.6,11.1,100.0,117.8,112.3,240,42,105,0.4,18,60,0.3,19,28,0.679,15,36,51,26,6,7,13,16,121,240,0.516,0.486,0.571,0.267,26.8,76.6,49.5,61.9,5.6,11.5,10.0,100.0,112.3,117.8,2024-12-07,Memphis Grizzlies,127.0,Boston Celtics,121.0,BOS,MEM,https://www.basketball-reference.com/boxscores/202412070BOS.html,Boston Celtics,Memphis Grizzlies,Away,-6.0
42,240,36,82,0.439,16,41,0.39,23,25,0.92,13,28,41,29,8,3,14,20,111,240,0.597,0.537,0.5,0.305,30.2,71.8,50.0,80.6,8.6,5.6,13.1,100.0,119.4,130.1,240,45,86,0.523,13,32,0.406,18,23,0.783,11,30,41,30,9,4,12,20,121,240,0.629,0.599,0.372,0.267,28.2,69.8,50.0,66.7,9.7,9.8,11.1,100.0,130.1,119.4,2024-12-07,Phoenix Suns,111.0,Miami Heat,121.0,MIA,PHO,https://www.basketball-reference.com/boxscores/202412070MIA.html,Miami Heat,Phoenix Suns,Home,10.0
43,240,43,92,0.467,9,36,0.25,13,14,0.929,10,46,56,25,8,5,16,15,108,240,0.55,0.516,0.391,0.152,23.3,95.8,61.5,58.1,7.8,15.6,14.0,100.0,105.4,97.6,240,35,86,0.407,19,54,0.352,11,12,0.917,2,33,35,29,9,3,15,18,100,240,0.548,0.517,0.628,0.14,4.2,76.7,38.5,82.9,8.8,5.4,14.1,100.0,97.6,105.4,2024-12-08,Philadelphia 76ers,108.0,Chicago Bulls,100.0,CHI,PHI,https://www.basketball-reference.com/boxscores/202412080CHI.html,Chicago Bulls,Philadelphia 76ers,Away,-8.0
44,240,39,68,0.574,15,31,0.484,25,32,0.781,3,28,31,26,6,7,16,18,118,240,0.719,0.684,0.456,0.471,11.5,80.0,50.8,66.7,6.5,15.2,16.3,100.0,127.5,122.1,240,41,81,0.506,16,35,0.457,15,16,0.938,7,23,30,24,9,3,13,25,113,240,0.642,0.605,0.432,0.198,20.0,88.5,49.2,58.5,9.7,8.1,12.9,100.0,122.1,127.5,2024-12-08,Milwaukee Bucks,118.0,Brooklyn Nets,113.0,BRK,MIL,https://www.basketball-reference.com/boxscores/202412080BRK.html,Brooklyn Nets,Milwaukee Bucks,Away,-5.0
45,240,40,78,0.513,14,29,0.483,19,26,0.731,10,35,45,24,11,3,25,18,113,240,0.632,0.603,0.372,0.333,27.8,92.1,60.8,60.0,10.8,6.5,21.8,100.0,110.9,107.0,240,42,82,0.512,12,36,0.333,13,15,0.867,3,26,29,23,9,7,17,19,109,240,0.615,0.585,0.439,0.183,7.9,72.2,39.2,54.8,8.8,14.3,16.1,100.0,107.0,110.9,2024-12-08,Charlotte Hornets,113.0,Indiana Pacers,109.0,IND,CHO,https://www.basketball-reference.com/boxscores/202412080IND.html,Charlotte Hornets,Indiana Pacers,Away,-4.0
46,240,56,89,0.629,12,27,0.444,17,24,0.708,7,36,43,43,9,5,20,22,141,240,0.708,0.697,0.303,0.27,21.2,65.5,48.9,76.8,8.5,8.2,16.7,100.0,132.6,104.4,240,41,101,0.406,9,40,0.225,20,27,0.741,19,26,45,26,12,2,12,22,111,240,0.492,0.45,0.396,0.267,34.5,78.8,51.1,63.4,11.3,3.2,9.6,100.0,104.4,132.6,2024-12-08,Denver Nuggets,141.0,Atlanta Hawks,111.0,ATL,DEN,https://www.basketball-reference.com/boxscores/202412080ATL.html,Atlanta Hawks,Denver Nuggets,Away,-30.0
47,240,41,86,0.477,14,33,0.424,17,18,0.944,5,31,36,25,5,1,9,18,113,240,0.602,0.558,0.384,0.209,11.9,75.6,43.4,61.0,5.2,2.0,8.7,100.0,117.0,126.3,240,41,86,0.477,16,37,0.432,24,26,0.923,10,37,47,27,4,4,12,15,122,240,0.626,0.57,0.43,0.302,24.4,88.1,56.6,65.9,4.1,7.5,11.0,100.0,126.3,117.0,2024-12-08,Cleveland Cavaliers,113.0,Miami Heat,122.0,MIA,CLE,https://www.basketball-reference.com/boxscores/202412080MIA.html,Cleveland Cavaliers,Miami Heat,Home,9.0
48,240,39,83,0.47,13,28,0.464,19,22,0.864,9,30,39,24,7,6,21,24,110,240,0.593,0.548,0.337,0.265,23.1,68.2,47.0,61.5,7.0,11.5,18.5,100.0,110.4,115.4,240,42,88,0.477,12,36,0.333,19,30,0.633,14,30,44,17,11,6,13,19,115,240,0.568,0.545,0.409,0.341,31.8,76.9,53.0,40.5,11.0,10.9,11.4,100.0,115.4,110.4,2024-12-08,Phoenix Suns,110.0,Orlando Magic,115.0,ORL,PHO,https://www.basketball-reference.com/boxscores/202412080ORL.html,Orlando Magic,Phoenix Suns,Home,5.0
49,240,43,99,0.434,13,38,0.342,17,21,0.81,13,30,43,26,9,8,8,21,116,240,0.536,0.5,0.384,0.212,25.0,65.2,43.9,60.5,9.0,14.8,6.9,100.0,116.1,121.1,240,42,93,0.452,12,39,0.308,25,31,0.806,16,39,55,27,7,11,13,18,121,240,0.567,0.516,0.419,0.333,34.8,75.0,56.1,64.3,7.0,18.0,10.9,100.0,121.1,116.1,2024-12-08,New Orleans Pelicans,116.0,San Antonio Spurs,121.0,SAS,NOP,https://www.basketball-reference.com/boxscores/202412080SAS.html,New Orleans Pelicans,San Antonio Spurs,Home,5.0
50,240,50,96,0.521,17,43,0.395,23,29,0.793,12,34,46,34,12,8,18,20,140,240,0.644,0.609,0.448,0.302,27.3,63.0,46.9,68.0,10.9,11.8,14.2,100.0,127.6,102.1,240,43,100,0.43,6,32,0.188,20,22,0.909,20,32,52,20,10,5,21,25,112,240,0.511,0.46,0.32,0.22,37.0,72.7,53.1,46.5,9.1,9.4,16.1,100.0,102.1,127.6,2024-12-08,Memphis Grizzlies,140.0,Washington Wizards,112.0,WAS,MEM,https://www.basketball-reference.com/boxscores/202412080WAS.html,Memphis Grizzlies,Washington Wizards,Away,-28.0
51,240,36,79,0.456,19,42,0.452,15,20,0.75,7,32,39,22,6,8,16,18,106,240,0.604,0.576,0.532,0.253,18.4,69.6,46.4,61.1,6.3,16.3,15.4,100.0,111.6,120.1,240,42,90,0.467,16,41,0.39,14,20,0.7,14,31,45,28,8,6,13,20,114,240,0.577,0.556,0.456,0.222,30.4,81.6,53.6,66.7,8.4,16.2,11.6,100.0,120.1,111.6,2024-12-08,Minnesota Timberwolves,106.0,Golden State Warriors,114.0,GSW,MIN,https://www.basketball-reference.com/boxscores/202412080GSW.html,Golden State Warriors,Minnesota Timberwolves,Home,8.0
52,240,40,82,0.488,15,41,0.366,22,26,0.846,12,38,50,23,4,4,15,16,117,240,0.626,0.579,0.5,0.317,31.6,84.4,60.2,57.5,4.2,6.9,13.8,100.0,122.4,110.9,240,41,92,0.446,11,34,0.324,13,16,0.813,7,26,33,21,11,3,8,24,106,240,0.535,0.505,0.37,0.174,15.6,68.4,39.8,51.2,11.5,7.3,7.5,100.0,110.9,122.4,2024-12-08,Houston Rockets,117.0,Los Angeles Clippers,106.0,LAC,HOU,https://www.basketball-reference.com/boxscores/202412080LAC.html,Houston Rockets,Los Angeles Clippers,Away,-11.0
53,240,31,80,0.388,15,42,0.357,20,21,0.952,9,29,38,21,6,6,20,17,97,240,0.543,0.481,0.525,0.263,20.9,76.3,46.9,67.7,6.1,10.7,18.3,100.0,98.1,142.6,240,57,100,0.57,22,44,0.5,5,8,0.625,9,34,43,39,10,7,8,17,141,240,0.681,0.68,0.44,0.08,23.7,79.1,53.1,68.4,10.1,18.4,7.2,100.0,142.6,98.1,2024-12-08,Utah Jazz,97.0,Sacramento Kings,141.0,SAC,UTA,https://www.basketball-reference.com/boxscores/202412080SAC.html,Sacramento Kings,Utah Jazz,Home,44.0
54,240,35,84,0.417,9,36,0.25,19,21,0.905,12,37,49,17,4,3,18,19,98,240,0.526,0.47,0.429,0.25,27.3,82.2,55.1,48.6,4.2,6.1,16.2,100.0,103.2,112.7,240,38,83,0.458,13,34,0.382,18,21,0.857,8,32,40,25,14,7,11,20,107,240,0.58,0.536,0.41,0.253,17.8,72.7,44.9,65.8,14.7,14.6,10.7,100.0,112.7,103.2,2024-12-08,Portland Trail Blazers,98.0,Los Angeles Lakers,107.0,LAL,POR,https://www.basketball-reference.com/boxscores/202412080LAL.html,Los Angeles Lakers,Portland Trail Blazers,Home,9.0
55,240,42,82,0.512,17,40,0.425,12,19,0.632,6,34,40,32,7,7,10,13,113,240,0.625,0.616,0.488,0.232,15.0,66.7,44.0,76.2,7.5,11.5,10.0,100.0,120.4,115.1,240,43,96,0.448,13,35,0.371,9,11,0.818,17,34,51,23,4,4,13,16,108,240,0.536,0.516,0.365,0.115,33.3,85.0,56.0,53.5,4.3,9.5,11.4,100.0,115.1,120.4,2024-12-09,New York Knicks,113.0,Toronto Raptors,108.0,TOR,NYK,https://www.basketball-reference.com/boxscores/202412090TOR.html,New York Knicks,Toronto Raptors,Away,-5.0
56,240,41,93,0.441,6,27,0.222,21,27,0.778,15,31,46,19,11,4,14,21,109,240,0.52,0.473,0.29,0.29,31.9,86.1,55.4,46.3,11.1,8.5,11.8,100.0,110.2,115.2,240,42,77,0.545,11,30,0.367,19,25,0.76,5,32,37,27,9,6,16,17,114,240,0.648,0.617,0.39,0.325,13.9,68.1,44.6,64.3,9.1,9.1,15.4,100.0,115.2,110.2,2024-12-10,Orlando Magic,109.0,Milwaukee Bucks,114.0,MIL,ORL,https://www.basketball-reference.com/boxscores/202412100MIL.html,Milwaukee Bucks,Orlando Magic,Home,5.0
57,240,38,80,0.475,15,36,0.417,13,19,0.684,7,37,44,25,10,2,19,12,104,240,0.589,0.569,0.45,0.238,16.7,68.5,45.8,65.8,10.1,3.9,17.7,100.0,104.8,119.0,240,46,101,0.455,20,50,0.4,6,7,0.857,17,35,52,29,14,5,14,17,118,240,0.567,0.554,0.495,0.069,31.5,83.3,54.2,63.0,14.1,11.4,11.9,100.0,119.0,104.8,2024-12-10,Dallas Mavericks,104.0,Oklahoma City Thunder,118.0,OKC,DAL,https://www.basketball-reference.com/boxscores/202412100OKC.html,Dallas Mavericks,Oklahoma City Thunder,Home,14.0
58,240,43,104,0.413,9,31,0.29,13,20,0.65,22,36,58,27,5,7,11,13,108,240,0.479,0.457,0.298,0.192,37.3,75.0,54.2,62.8,5.0,13.7,8.9,100.0,108.8,100.8,240,40,93,0.43,11,42,0.262,9,15,0.6,12,37,49,27,8,11,15,14,100,240,0.502,0.489,0.452,0.161,25.0,62.7,45.8,67.5,8.1,15.1,13.1,100.0,100.8,108.8,2024-12-11,Atlanta Hawks,108.0,New York Knicks,100.0,NYK,ATL,https://www.basketball-reference.com/boxscores/202412110NYK.html,Atlanta Hawks,New York Knicks,Away,-8.0
59,240,37,84,0.44,12,38,0.316,4,9,0.444,11,28,39,22,13,8,22,11,90,240,0.512,0.512,0.452,0.107,27.5,80.0,52.0,59.5,13.7,14.3,20.0,100.0,94.7,95.7,240,38,83,0.458,6,27,0.222,9,10,0.9,7,29,36,23,10,5,17,14,91,240,0.521,0.494,0.325,0.12,20.0,72.5,48.0,60.5,10.5,10.9,16.3,100.0,95.7,94.7,2024-12-11,Golden State Warriors,90.0,Houston Rockets,91.0,HOU,GSW,https://www.basketball-reference.com/boxscores/202412110HOU.html,Golden State Warriors,Houston Rockets,Home,1.0
60,240,42,98,0.429,7,37,0.189,8,10,0.8,9,34,43,27,8,4,8,12,99,240,0.483,0.464,0.378,0.102,17.3,81.0,45.7,64.3,8.0,9.5,7.2,100.0,99.1,123.1,240,46,90,0.511,20,48,0.417,11,13,0.846,8,43,51,34,6,4,14,9,123,240,0.642,0.622,0.533,0.144,19.0,82.7,54.3,73.9,6.0,6.6,12.8,100.0,123.1,99.1,2024-12-12,Detroit Pistons,99.0,Boston Celtics,123.0,BOS,DET,https://www.basketball-reference.com/boxscores/202412120BOS.html,Boston Celtics,Detroit Pistons,Home,24.0
61,240,41,92,0.446,11,32,0.344,11,15,0.733,9,33,42,29,8,5,12,24,104,240,0.527,0.505,0.348,0.163,18.0,75.0,44.7,70.7,7.9,9.8,10.8,100.0,103.2,113.2,240,40,83,0.482,13,32,0.406,21,32,0.656,11,41,52,21,4,3,17,11,114,240,0.587,0.56,0.386,0.386,25.0,82.0,55.3,52.5,4.0,5.0,14.9,100.0,113.2,103.2,2024-12-12,Toronto Raptors,104.0,Miami Heat,114.0,MIA,TOR,https://www.basketball-reference.com/boxscores/202412120MIA.html,Miami Heat,Toronto Raptors,Home,10.0
62,240,37,92,0.402,10,33,0.303,27,29,0.931,17,33,50,24,12,2,11,19,111,240,0.53,0.457,0.359,0.315,34.0,76.7,53.8,64.9,12.5,4.3,9.5,100.0,115.8,113.8,240,39,83,0.47,14,37,0.378,17,20,0.85,10,33,43,22,6,4,17,22,109,240,0.594,0.554,0.446,0.241,23.3,66.0,46.2,56.4,6.3,6.8,15.6,100.0,113.8,115.8,2024-12-12,Sacramento Kings,111.0,New Orleans Pelicans,109.0,NOP,SAC,https://www.basketball-reference.com/boxscores/202412120NOP.html,New Orleans Pelicans,Sacramento Kings,Away,-2.0
63,240,41,86,0.477,14,40,0.35,9,11,0.818,6,38,44,24,7,7,18,28,105,240,0.578,0.558,0.465,0.128,15.0,70.4,46.8,58.5,6.9,17.1,16.5,100.0,104.1,114.0,240,36,91,0.396,15,50,0.3,28,40,0.7,16,34,50,27,10,5,11,14,115,240,0.529,0.478,0.549,0.44,29.6,85.0,53.2,75.0,9.9,10.9,9.2,100.0,114.0,104.1,2024-12-13,Washington Wizards,105.0,Cleveland Cavaliers,115.0,CLE,WAS,https://www.basketball-reference.com/boxscores/202412130CLE.html,Cleveland Cavaliers,Washington Wizards,Home,10.0
64,240,47,91,0.516,14,38,0.368,13,17,0.765,8,33,41,35,9,4,10,21,121,240,0.614,0.593,0.418,0.187,20.0,68.8,46.6,74.5,9.2,6.7,9.2,100.0,124.0,109.7,240,37,85,0.435,10,25,0.4,23,32,0.719,15,32,47,18,5,4,15,16,107,240,0.54,0.494,0.294,0.376,31.3,80.0,53.4,48.6,5.1,7.5,13.1,100.0,109.7,124.0,2024-12-13,Indiana Pacers,121.0,Philadelphia 76ers,107.0,PHI,IND,https://www.basketball-reference.com/boxscores/202412130PHI.html,Indiana Pacers,Philadelphia 76ers,Away,-14.0
65,240,35,98,0.357,8,46,0.174,17,21,0.81,17,37,54,22,7,5,17,20,95,240,0.443,0.398,0.469,0.214,30.9,72.5,50.9,62.9,6.8,11.9,13.7,100.0,92.6,106.3,240,37,93,0.398,14,51,0.275,21,25,0.84,14,38,52,27,12,11,16,19,109,240,0.524,0.473,0.548,0.269,27.5,69.1,49.1,73.0,11.7,21.2,13.3,100.0,106.3,92.6,2024-12-13,Charlotte Hornets,95.0,Chicago Bulls,109.0,CHI,CHO,https://www.basketball-reference.com/boxscores/202412130CHI.html,Charlotte Hornets,Chicago Bulls,Home,14.0
66,240,42,92,0.457,20,53,0.377,15,19,0.789,8,33,41,30,9,7,18,20,119,240,0.593,0.565,0.576,0.207,17.8,73.3,45.6,71.4,8.4,11.1,15.2,100.0,110.7,125.5,240,52,99,0.525,17,36,0.472,14,21,0.667,12,37,49,33,9,4,13,19,135,240,0.624,0.611,0.364,0.212,26.7,82.2,54.4,63.5,8.4,10.3,10.7,100.0,125.5,110.7,2024-12-13,Brooklyn Nets,119.0,Memphis Grizzlies,135.0,MEM,BRK,https://www.basketball-reference.com/boxscores/202412130MEM.html,Brooklyn Nets,Memphis Grizzlies,Home,16.0
67,240,33,86,0.384,10,35,0.286,11,17,0.647,15,38,53,17,7,6,22,21,87,240,0.465,0.442,0.407,0.198,28.8,77.6,52.5,51.5,7.1,10.9,19.1,100.0,88.5,98.7,240,35,87,0.402,9,32,0.281,18,24,0.75,11,37,48,18,12,5,14,14,97,240,0.497,0.454,0.368,0.276,22.4,71.2,47.5,51.4,12.2,9.8,12.5,100.0,98.7,88.5,2024-12-13,Los Angeles Lakers,87.0,Minnesota Timberwolves,97.0,MIN,LAL,https://www.basketball-reference.com/boxscores/202412130MIN.html,Los Angeles Lakers,Minnesota Timberwolves,Home,10.0
68,240,37,83,0.446,14,41,0.341,10,18,0.556,5,26,31,24,18,2,19,22,98,240,0.539,0.53,0.494,0.217,10.9,83.9,40.3,64.9,17.2,4.2,17.3,100.0,93.5,114.5,240,42,77,0.545,10,29,0.345,26,32,0.813,5,41,46,23,15,2,22,16,120,240,0.659,0.61,0.377,0.416,16.1,89.1,59.7,54.8,14.3,4.8,19.5,100.0,114.5,93.5,2024-12-13,Los Angeles Clippers,98.0,Denver Nuggets,120.0,DEN,LAC,https://www.basketball-reference.com/boxscores/202412130DEN.html,Denver Nuggets,Los Angeles Clippers,Home,22.0
69,240,47,89,0.528,22,45,0.489,18,20,0.9,9,28,37,36,10,7,8,18,134,240,0.685,0.652,0.506,0.225,24.3,82.4,52.1,76.6,10.6,18.4,7.6,100.0,142.2,133.7,240,43,77,0.558,22,39,0.564,18,22,0.818,6,28,34,30,5,6,15,17,126,240,0.727,0.701,0.506,0.286,17.6,75.7,47.9,69.8,5.3,13.6,14.8,100.0,133.7,142.2,2024-12-13,Phoenix Suns,134.0,Utah Jazz,126.0,UTA,PHO,https://www.basketball-reference.com/boxscores/202412130UTA.html,Phoenix Suns,Utah Jazz,Away,-8.0
70,240,44,85,0.518,14,30,0.467,16,21,0.762,13,28,41,32,5,6,15,13,118,240,0.626,0.6,0.353,0.247,31.7,77.8,53.2,72.7,5.3,14.6,13.7,100.0,124.4,122.2,240,42,82,0.512,16,41,0.39,16,17,0.941,8,28,36,25,9,5,16,22,116,240,0.648,0.61,0.5,0.207,22.2,68.3,46.8,59.5,9.5,9.1,15.2,100.0,122.2,124.4,2024-12-13,San Antonio Spurs,118.0,Portland Trail Blazers,116.0,POR,SAS,https://www.basketball-reference.com/boxscores/202412130POR.html,Portland Trail Blazers,San Antonio Spurs,Away,-2.0
71,240,35,82,0.427,10,24,0.417,22,34,0.647,7,37,44,23,3,6,13,20,102,240,0.526,0.488,0.293,0.415,14.6,86.0,48.4,65.7,2.9,14.6,11.8,100.0,100.0,107.8,240,39,86,0.453,14,45,0.311,18,27,0.667,6,41,47,28,8,8,13,27,110,240,0.562,0.535,0.523,0.314,14.0,85.4,51.6,71.8,7.8,13.8,11.7,100.0,107.8,100.0,2024-12-14,Atlanta Hawks,102.0,Milwaukee Bucks,110.0,MIL,ATL,https://www.basketball-reference.com/boxscores/202412140MIL.html,Atlanta Hawks,Milwaukee Bucks,Home,8.0
72,240,35,96,0.365,11,46,0.239,15,25,0.6,19,30,49,17,7,3,16,25,96,240,0.449,0.422,0.479,0.26,32.8,88.2,53.3,48.6,7.0,6.0,13.0,100.0,96.1,111.1,240,36,80,0.45,11,30,0.367,28,32,0.875,4,39,43,19,12,4,12,24,111,240,0.59,0.519,0.375,0.4,11.8,67.2,46.7,52.8,12.0,8.0,11.3,100.0,111.1,96.1,2024-12-14,Houston Rockets,96.0,Oklahoma City Thunder,111.0,OKC,HOU,https://www.basketball-reference.com/boxscores/202412140OKC.html,Houston Rockets,Oklahoma City Thunder,Home,15.0
